Tonality,Aggressiveness,Timbre,Instrumental,Relaxedness,Acoustics,Danceability
0.113267057,0.013409187,0.010765119,0.201955661,0.800242782,5.69E-07,0.374043673
9.02E-07,3.00E-14,0.000277573,1,0.808817089,0.09559036,3.00E-14
0.116083294,0.998188853,0.304315984,0.093594804,0.003760037,0.002968079,0.81715554
0.053801212,3.00E-14,0.000152595,0.989508152,0.808817089,0.09559036,3.00E-14
0.14902243,0.697488844,0.11822053,0.229124099,0.012443893,0.012334493,0.329852223
3.11E-07,3.00E-14,0.002144358,0.999996543,0.808817089,0.09559036,3.00E-14
4.95E-09,3.00E-14,0.001828308,0.993687451,0.808817089,0.09559036,3.00E-14
0.006988718,3.00E-14,0.030117545,0.961913228,0.808817089,0.09559036,3.00E-14
0.793725848,0.974233806,0.02089585,0.056210227,0.206119314,1.57E-05,0.992484331
0.003842527,3.00E-14,0.006979481,0.999998331,0.808817089,0.09559036,3.00E-14
0.156006172,0.880765498,0.023331719,0.133774176,0.062270872,0.009603864,0.52121824
1.00E-09,3.00E-14,0.002622856,0.995939374,0.808817089,0.09559036,3.00E-14
0.919194758,0.434891909,0.54971689,0.113051966,0.817145467,0.196908057,0.848565698
1.55E-07,3.00E-14,0.003120025,1,0.808817089,0.09559036,3.00E-14
0.021955993,3.00E-14,0.087359272,0.672320545,0.808817089,0.09559036,3.00E-14
4.24E-06,3.00E-14,0.002851659,0.94958216,0.808817089,0.09559036,3.00E-14
0.053801212,3.00E-14,0.000152595,0.989508152,0.808817089,0.09559036,3.00E-14
7.66E-07,3.00E-14,0.017515119,0.9868806,0.808817089,0.09559036,3.00E-14
0.974877596,0.197901502,0.953654826,0.034118675,0.06384407,0.224676952,0.028394202
1.13E-05,3.00E-14,0.010425444,1,0.808817089,0.09559036,3.00E-14
0.017973879,3.00E-14,0.001197982,0.999997199,0.808817089,0.09559036,3.00E-14
0.515592277,0.046136115,0.139750853,0.695877731,0.055548199,0.151754215,0.300945997
1.38E-05,3.00E-14,0.00033812,0.988745868,0.808817089,0.09559036,3.00E-14
1.35E-06,3.00E-14,0.00147398,0.992156446,0.808817089,0.09559036,3.00E-14
8.25E-07,3.00E-14,0.00062535,0.98845607,0.808817089,0.09559036,3.00E-14
0.211934924,0.90052563,0.070760526,0.177858293,0.051532883,0.016555918,0.035220914
0.906625569,0.4733513,0.016168591,0.013406227,0.129968941,0.0478618,0.813143015
0.102143519,3.00E-14,0.061486557,0.99999994,0.808817089,0.09559036,3.00E-14
0.188334823,0.802066326,0.124451436,0.30116275,0.117823958,0.029151984,0.682714581
0.00304745,3.00E-14,0.003404047,0.99999994,0.808817089,0.09559036,3.00E-14
0.153454408,0.957684755,0.5337044,0.046182089,0.029107323,1.26E-05,0.292115659
0.114112064,3.00E-14,0.026437009,0.999998927,0.808817089,0.09559036,3.00E-14
0.030418539,0.904983461,0.087122045,0.112930998,0.090236075,0.006769555,0.033244465
0.861717403,0.265638053,0.858181715,0.027718127,0.075798616,0.038552456,0.371696293
0.020970142,3.00E-14,0.040892217,0.990018129,0.808817089,0.09559036,3.00E-14
5.39E-06,3.00E-14,0.026972029,0.956953049,0.808817089,0.09559036,3.00E-14
0.008834029,0.974404514,0.002819843,0.023165124,0.022630543,0.00295057,0.30460608
0.011983809,0.93339932,0.011140485,0.299534261,0.432254791,8.91E-06,0.310229689
0.011493865,3.00E-14,0.002818754,1,0.808817089,0.09559036,3.00E-14
0.022133533,0.300524652,0.425995052,0.365872592,0.634247601,0.153304294,0.78811872
1.67E-06,0.941720366,0.000136115,0.017493559,0.608285606,5.37E-06,0.228160754
0.079626732,0.985254586,0.023745051,0.018152876,0.038495794,0.005967364,0.204295471
0.027364923,0.968151569,0.00084226,0.5,0.04055715,0.009262593,0.029585028
5.97E-06,0.995246172,0.009226404,0.0010047,0.007115082,1.25E-05,0.050776321
0.11553026,3.00E-14,0.429147542,0.004031589,0.808793366,2.59E-07,0.990391314
0.063742541,0.947112024,0.004200032,0.414254814,0.04252696,1.36E-05,0.711205184
0.343351781,0.981502354,0.009265241,0.01753187,0.045774985,6.62E-06,0.391447663
0.141483977,0.999971449,0.033724591,0.000234926,0.00320565,2.29E-07,0.011660175
2.85E-08,3.00E-14,0.001658527,0.99999851,0.808817089,0.09559036,3.00E-14
4.11E-07,3.00E-14,0.010461209,0.888317287,0.808817089,0.09559036,3.00E-14
2.38E-07,3.00E-14,0.001896898,0.99662441,0.808817089,0.09559036,3.00E-14
1.17E-05,3.00E-14,0.006403263,0.675458431,0.808817089,0.052795645,3.00E-14
1.03E-06,3.00E-14,0.246299282,0.980891466,0.808817089,0.09559036,3.00E-14
0.006856026,3.00E-14,0.005665738,0.999999881,0.808817089,0.09559036,3.00E-14
1.55E-07,3.00E-14,0.003120025,1,0.808817089,0.09559036,3.00E-14
4.10E-07,3.00E-14,0.000781959,0.981104016,0.808817089,0.09559036,3.00E-14
0.920698464,0.118097663,0.762315571,0.643693089,0.002559194,0.072825849,0.034392118
1.38E-05,3.00E-14,0.00033812,0.988745868,0.808817089,0.09559036,3.00E-14
0.562708378,0.04343373,0.786943614,0.978145838,0.722828031,0.004311725,0.592894614
3.40E-06,3.00E-14,0.000172201,0.961733222,0.808817089,5.08E-07,4.13E-06
4.24E-06,3.00E-14,0.002851659,0.94958216,0.808817089,0.09559036,3.00E-14
1.49E-06,3.00E-14,0.000282227,0.958858728,0.808817089,0.09559036,3.00E-14
6.25E-07,3.00E-14,0.000631469,0.999998748,0.808817089,0.09559036,3.00E-14
0.005739479,3.00E-14,0.002723748,0.992678106,0.808817089,0.09559036,3.00E-14
0.188334823,0.802066326,0.124451436,0.30116275,0.117823958,0.029151984,0.682714581
5.05E-06,0.962223768,0.00168597,0.625590682,0.056299724,0.002765075,0.977886021
0.1154605,0.964897394,0.148943603,0.134879813,0.073815994,2.19E-06,0.635223806
0.00829656,0.885107875,0.001046671,0.464152515,0.16807057,0.003718363,0.754992425
0.005879417,3.00E-14,0.00370894,0.99999994,0.808817089,0.09559036,3.00E-14
0.009157158,3.00E-14,0.02269586,0.99999696,0.808817089,0.09559036,3.00E-14
0.936012387,0.450612962,0.333705992,0.461654991,0.112379543,0.173571482,0.537321627
1.35E-06,3.00E-14,0.00147398,0.992156446,0.808817089,0.09559036,3.00E-14
0.102143519,3.00E-14,0.061486557,0.99999994,0.808817089,0.09559036,3.00E-14
7.42E-06,3.00E-14,0.047793251,0.99999994,0.808817089,0.09559036,3.00E-14
0.258500636,0.995647311,0.945410728,0.0036431,0.02352795,1.81E-05,0.740429223
0.13045077,0.78756249,0.026732722,0.0847179,0.16539818,0.043420594,0.009267127
0.002740309,3.00E-14,0.068571024,0.983970582,0.808817089,0.09559036,3.00E-14
0.2990385,0.970713615,0.075095616,0.004252046,0.040075988,0.010613802,0.3919034
1.38E-05,3.00E-14,0.000801373,0.990846097,0.808817089,0.09559036,3.00E-14
2.61E-06,3.00E-14,0.000101884,1,0.808817089,0.09559036,3.00E-14
0.076555401,0.993736565,0.152252913,0.083470508,0.054918069,1.16E-06,0.59228307
0.969379365,0.888179481,0.569713652,0.046278015,0.013724852,0.004621608,0.594732881
1.46E-06,3.00E-14,0.00174563,0.999999881,0.808817089,0.09559036,3.00E-14
0.661988974,9.34E-06,0.058976121,0.111134797,0.579906166,0.323716372,0.549905837
0.772641003,0.213161632,0.245888457,0.357492924,0.253877282,0.052160639,0.717347443
0.783961058,0.24883619,0.515240729,0.346913815,0.126874387,0.086199075,0.09510728
0.102143519,3.00E-14,0.061486557,0.99999994,0.808817089,0.09559036,3.00E-14
0.211934924,0.90052563,0.070760526,0.177858293,0.051532883,0.016555918,0.035220914
0.535358787,0.823383033,0.785113454,0.412281483,0.020258177,0.002988699,0.962591827
0.913922548,0.972161472,0.258679152,0.048707999,0.004933628,0.004226753,0.5
0.008001987,3.00E-14,0.005424844,0.999997258,0.808817089,0.09559036,3.00E-14
0.906625569,0.4733513,0.016168591,0.013406227,0.129968941,0.0478618,0.813143015
0.734284937,0.71107465,0.851473927,0.252426237,0.16179882,0.010318036,0.385591924
0.006856026,3.00E-14,0.005665738,0.999999881,0.808817089,0.09559036,3.00E-14
0.020970142,3.00E-14,0.040892217,0.990018129,0.808817089,0.09559036,3.00E-14
0.009157158,3.00E-14,0.02269586,0.99999696,0.808817089,0.09559036,3.00E-14
4.32E-08,3.00E-14,0.000383382,0.999987066,0.808817089,0.09559036,3.00E-14
0.00355444,3.00E-14,0.007191979,0.994987249,0.808817089,0.09559036,3.00E-14
0.505284905,0.337804556,0.060527027,0.263806701,0.817673445,0.04691726,0.750004947
0.030418539,0.904983461,0.087122045,0.112930998,0.090236075,0.006769555,0.033244465
2.85E-06,3.00E-14,0.000362064,0.997298062,0.808817089,0.09559036,3.00E-14
0.831605852,0.433820307,0.41409117,0.213117093,0.020800503,0.018507386,0.421844333
4.24E-06,3.00E-14,0.002851659,0.94958216,0.808817089,0.09559036,3.00E-14
0.515592277,0.046136115,0.139750853,0.695877731,0.055548199,0.151754215,0.300945997
0.01620326,3.00E-14,0.026991589,0.980150104,0.808817089,0.09559036,3.00E-14
7.66E-07,3.00E-14,0.017515119,0.9868806,0.808817089,0.09559036,3.00E-14
0.355414838,0.845171213,0.937033832,0.935384274,0.121258758,0.006948302,0.973835349
0.931731343,0.237324879,0.729121625,0.019357277,0.12761879,0.046855226,0.225638688
0.425435573,0.963627338,0.096791998,0.049425319,0.404608458,1.35E-05,0.941218257
1.55E-07,3.00E-14,0.003120025,1,0.808817089,0.09559036,3.00E-14
7.48E-07,3.00E-14,0.000623044,0.995879769,0.808817089,0.09559036,3.00E-14
0.006097846,3.00E-14,0.017885219,0.851369083,0.808817089,0.09559036,3.00E-14
0.977247119,0.59929812,0.069021709,0.994746029,0.083543018,0.119967245,0.049193263
0.002740309,3.00E-14,0.068571024,0.983970582,0.808817089,0.09559036,3.00E-14
0.116083294,0.998188853,0.304315984,0.093594804,0.003760037,0.002968079,0.81715554
9.02E-07,3.00E-14,0.000277573,1,0.808817089,0.09559036,3.00E-14
4.95E-09,3.00E-14,0.001828308,0.993687451,0.808817089,0.09559036,3.00E-14
0.008833562,3.00E-14,0.018718051,0.99999994,0.808817089,0.09559036,3.00E-14
0.470729679,0.845496535,0.103663452,0.019792469,0.407233864,0.012472399,0.471175849
0.156006172,0.880765498,0.023331719,0.133774176,0.062270872,0.009603864,0.52121824
0.793725848,0.974233806,0.02089585,0.056210227,0.206119314,1.57E-05,0.992484331
3.34E-06,3.00E-14,0.005236495,0.960946441,0.808817089,0.09559036,3.00E-14
0.003842527,3.00E-14,0.006979481,0.999998331,0.808817089,0.09559036,3.00E-14
3.11E-07,3.00E-14,0.002144358,0.999996543,0.808817089,0.09559036,3.00E-14
0.198595852,0.506676197,0.146593615,0.865335405,0.535208344,0.029394588,0.443032414
4.13E-08,3.00E-14,0.007556997,0.971239984,0.808817089,0.09559036,3.00E-14
0.640229404,0.973202705,0.006807237,0.005054185,0.063803576,3.21E-06,0.096787535
0.019799937,0.998497367,0.009163549,0.14675419,0.094639264,1.07E-05,0.96039784
0.042207591,0.804941595,0.040225886,0.988643467,0.072793454,0.004613338,0.801514447
0.005113713,0.998214424,0.060115654,0.001372445,0.111500591,0.005469593,0.800203145
0.01480827,0.973473608,0.060024951,0.013881016,0.525114059,0.031816617,0.595280111
0.072465546,0.987992823,0.000799168,0.116468742,0.111646302,0.003060802,0.84428525
1.62E-07,3.00E-14,0.008925877,1,0.808817089,0.09559036,3.00E-14
0.394606143,0.959075212,0.024929756,0.599990547,0.269799441,7.13E-08,0.994909406
0.144979551,0.99872762,0.0025505,0.489193231,0.145955831,1.18E-06,0.034357887
8.75E-08,3.00E-14,0.003978696,1,0.808817089,0.09559036,3.00E-14
0.014466431,0.982219219,0.001682361,0.000414581,0.041669399,0.16923964,0.728958726
1.64E-06,3.00E-14,0.005551994,0.999999762,0.808817089,0.09559036,3.00E-14
0.138386086,0.999962747,0.157700047,0.025431113,0.015721273,8.58E-07,0.033583138
0.017162671,0.241392598,0.856135488,0.790018916,0.678365231,1.16E-05,0.995692194
9.20E-07,3.00E-14,0.000691948,0.9222368,0.808817089,0.09559036,3.00E-14
4.11E-08,3.00E-14,0.019223617,0.915294528,0.808817089,0.09559036,3.00E-14
0.656668246,0.993930221,0.071757205,0.05464831,0.011889605,0.003142793,0.049248308
0.003103909,3.00E-14,0.002405802,0.960875809,0.808817089,0.09559036,3.00E-14
0.003411397,0.994980812,0.595451057,0.14774166,0.125554815,2.45E-06,0.988965452
0.750009954,0.999651968,0.188753858,0.137275308,0.013789835,2.16E-06,0.141993985
0.031684086,0.940557361,0.123890005,0.048308097,0.202050671,0.012974299,0.003342953
0.785281122,0.996388078,0.659456432,0.004061325,0.384721667,1.05E-07,0.999283016
2.57E-11,3.00E-14,0.005075105,0.977361262,0.808817089,0.09559036,3.00E-14
0.12916331,0.999999881,0.047148585,0.000541683,0.391429842,0.095495671,0.999998629
0.016279729,0.935257018,0.001873136,0.043847494,0.174883962,2.22E-06,0.971829414
4.39E-07,3.00E-14,0.004107438,0.93021518,0.808817089,0.09559036,3.00E-14
0.265735984,0.920807779,0.018998563,0.08381974,0.060204264,0.013613283,0.473257571
0.18685472,0.999999881,0.649676085,0.852202833,0.808817089,0.09559036,0.999999881
7.14E-07,3.00E-14,0.000895663,0.999999881,0.808817089,0.09559036,3.00E-14
1.08E-06,0.998050928,0.05690854,0.007958226,0.081133999,0.003993331,6.15E-06
0.559916973,0.959647596,0.896711767,0.710055828,0.033929445,0.008903377,0.939490676
0.005768368,0.999898136,0.040116757,0.059951484,0.037622672,1.38E-05,0.146684602
0.003692632,3.00E-14,0.01735821,0.993685186,0.808817089,0.09559036,3.00E-14
5.97E-06,3.00E-14,0.016456082,0.999999523,0.808817089,0.09559036,3.00E-14
0.021955993,3.00E-14,0.087359272,0.672320545,0.808817089,0.09559036,3.00E-14
3.87E-06,3.00E-14,0.003266599,1,0.808817089,0.09559036,3.00E-14
0.053801212,3.00E-14,0.000152595,0.989508152,0.808817089,0.09559036,3.00E-14
4.24E-06,3.00E-14,0.002851659,0.94958216,0.808817089,0.09559036,3.00E-14
1.55E-07,3.00E-14,0.003120025,1,0.808817089,0.09559036,3.00E-14
0.505284905,0.337804556,0.060527027,0.263806701,0.817673445,0.04691726,0.750004947
0.003706948,3.00E-14,0.001323505,1,0.808817089,0.037603822,0.999999881
1.38E-05,3.00E-14,0.00033812,0.988745868,0.808817089,0.09559036,3.00E-14
0.920698464,0.118097663,0.762315571,0.643693089,0.002559194,0.072825849,0.034392118
0.00355444,3.00E-14,0.007191979,0.994987249,0.808817089,0.09559036,3.00E-14
6.25E-07,3.00E-14,0.000631469,0.999998748,0.808817089,0.09559036,3.00E-14
0.009157158,3.00E-14,0.02269586,0.99999696,0.808817089,0.09559036,3.00E-14
1.38E-05,3.00E-14,0.000801373,0.990846097,0.808817089,0.09559036,3.00E-14
0.969379365,0.888179481,0.569713652,0.046278015,0.013724852,0.004621608,0.594732881
6.66E-06,3.00E-14,0.064927347,0.999999046,0.808817089,0.09559036,3.00E-14
0.188334823,0.802066326,0.124451436,0.30116275,0.117823958,0.029151984,0.682714581
7.66E-07,3.00E-14,0.017515119,0.9868806,0.808817089,0.09559036,3.00E-14
1.35E-06,3.00E-14,0.00147398,0.992156446,0.808817089,0.09559036,3.00E-14
0.002740309,3.00E-14,0.068571024,0.983970582,0.808817089,0.09559036,3.00E-14
0.906625569,0.4733513,0.016168591,0.013406227,0.129968941,0.0478618,0.813143015
0.102143519,3.00E-14,0.061486557,0.99999994,0.808817089,0.09559036,3.00E-14
0.386092305,0.023117576,0.699609876,0.790203393,0.676320314,0.827420771,0.266336083
0.481441617,0.882726669,0.16131708,0.376922071,0.009373127,0.005731173,0.721578538
0.005739479,3.00E-14,0.002723748,0.992678106,0.808817089,0.09559036,3.00E-14
2.85E-06,3.00E-14,0.000362064,0.997298062,0.808817089,0.09559036,3.00E-14
0.017973879,3.00E-14,0.001197982,0.999997199,0.808817089,0.09559036,3.00E-14
0.020970142,3.00E-14,0.040892217,0.990018129,0.808817089,0.09559036,3.00E-14
0.105475254,0.813521743,0.539094031,0.752304494,0.142932162,0.050884727,0.04349013
0.211934924,0.90052563,0.070760526,0.177858293,0.051532883,0.016555918,0.035220914
0.116083294,0.998188853,0.304315984,0.093594804,0.003760037,0.002968079,0.81715554
0.008024016,0.997642279,0.076244943,0.0397989,0.192925096,1.12E-05,0.176817074
0.0042876,3.00E-14,0.009700212,0.999983728,0.808817089,0.09559036,3.00E-14
0.356554687,0.115197808,0.446863949,0.538335979,0.272188306,0.003389691,0.755707622
0.053801212,3.00E-14,0.000152595,0.989508152,0.808817089,0.09559036,3.00E-14
0.007833958,0.980903149,0.046046782,0.45739606,0.092173047,1.45E-05,0.954503417
0.031260774,3.00E-14,0.007630212,0.988553822,0.808817089,0.09559036,3.00E-14
0.550843835,0.876029193,0.042859435,0.194469571,0.099999733,0.017837806,0.756966114
0.131803662,0.980512261,0.003355436,0.491386861,0.008587503,0.004414008,0.299109459
1.02E-05,3.00E-14,0.01188352,0.999999881,0.808817089,0.09559036,3.00E-14
0.952534378,0.774321496,0.095268525,0.043933522,0.024840841,0.015068975,0.937821031
0.029410556,0.978956282,0.004872534,0.383403391,0.064983942,1.84E-05,0.344908565
0.782797813,0.827424884,0.100298025,0.00105294,0.041689385,0.014895151,0.90489012
0.842577577,0.9123559,0.730183244,0.00902254,0.05302719,0.015996538,0.416155756
0.683795154,0.774635315,0.546556771,0.092592649,0.10223224,0.021590883,0.819278061
0.827720284,0.572818398,0.416405767,0.001546351,0.710639417,0.201585263,0.844863355
0.034051284,0.926755786,0.181944817,0.001826603,0.110030428,0.007115023,0.081837535
0.561116219,0.982573748,0.075820856,0.008087054,0.04404987,0.015035182,0.283429623
0.005739479,3.00E-14,0.002723748,0.992678106,0.808817089,0.09559036,3.00E-14
0.920698464,0.118097663,0.762315571,0.643693089,0.002559194,0.072825849,0.034392118
9.49E-07,3.00E-14,0.003023271,0.608703732,0.808817089,0.09559036,3.00E-14
0.00394997,3.00E-14,0.005672598,0.997297764,0.808817089,0.09559036,3.00E-14
0.053801212,3.00E-14,0.000152595,0.989508152,0.808817089,0.09559036,3.00E-14
0.505284905,0.337804556,0.060527027,0.263806701,0.817673445,0.04691726,0.750004947
0.021955993,3.00E-14,0.087359272,0.672320545,0.808817089,0.09559036,3.00E-14
0.003706948,3.00E-14,0.001323505,1,0.808817089,0.037603822,0.999999881
0.023277445,0.993740201,0.002653135,0.015356477,0.089520894,0.003028568,0.031463776
8.75E-08,3.00E-14,0.003978696,1,0.808817089,0.09559036,3.00E-14
1.55E-07,3.00E-14,0.003120025,1,0.808817089,0.09559036,3.00E-14
4.24E-06,3.00E-14,0.002851659,0.94958216,0.808817089,0.09559036,3.00E-14
0.143320218,0.788951457,0.18424122,0.87566638,0.092944115,1.27E-05,0.931747258
0.008422411,0.996115804,0.001205107,0.029930381,0.045921147,3.78E-06,0.922494948
0.007347032,3.00E-14,0.002665773,0.999994457,0.808817089,0.09559036,3.00E-14
0.002554621,3.00E-14,0.009841046,0.965651631,0.808817089,0.09559036,3.00E-14
0.02574441,0.862917662,0.000856381,0.04501811,0.194220752,4.70E-07,0.999320328
0.010591135,3.00E-14,0.000944018,0.999996305,0.808817089,0.09559036,3.00E-14
9.20E-07,3.00E-14,0.000691948,0.9222368,0.808817089,0.09559036,3.00E-14
0.093045011,0.992222726,0.063451611,0.013846424,0.053216785,7.62E-06,0.060551986
0.011665768,0.980105877,0.000969059,0.029720405,0.032287639,1.53E-05,0.995688915
0.31239897,0.976424277,0.04548629,0.210947767,0.028049622,1.79E-05,0.768789589
0.006136244,3.00E-14,0.018451462,0.989931047,0.808817089,0.09559036,3.00E-14
1.38E-05,3.00E-14,0.00033812,0.988745868,0.808817089,0.09559036,3.00E-14
1.35E-06,3.00E-14,0.00147398,0.992156446,0.808817089,0.09559036,3.00E-14
0.042207591,0.804941595,0.040225886,0.988643467,0.072793454,0.004613338,0.801514447
0.184570208,0.999999881,0.012521597,0.1483863,0.808817089,0.09559036,0.999999881
0.008257343,3.00E-14,0.051022459,1,0.808817089,0.09559036,3.00E-14
0.016353736,3.00E-14,0.001456778,0.999994099,0.808817089,0.09559036,3.00E-14
8.43E-06,3.00E-14,0.004734647,0.987436473,0.808817089,0.09559036,3.00E-14
0.386092305,0.023117576,0.699609876,0.790203393,0.676320314,0.827420771,0.266336083
0.008001987,3.00E-14,0.005424844,0.999997258,0.808817089,0.09559036,3.00E-14
0.505284905,0.337804556,0.060527027,0.263806701,0.817673445,0.04691726,0.750004947
2.62E-07,3.00E-14,0.012213367,0.999998868,0.808817089,0.09559036,3.00E-14
0.079902694,3.00E-14,0.045377068,1,0.808817089,0.09559036,3.00E-14
4.64E-06,3.00E-14,0.003342689,1,0.808817089,0.09559036,3.00E-14
6.08E-08,3.00E-14,0.002443146,0.999997854,0.808817089,0.09559036,3.00E-14
0.93430388,0.999999881,0.916438878,0.754630208,0.808817089,0.09559036,0.999999881
0.839774191,0.340634078,0.970579147,0.488880217,0.309952468,0.057514988,0.37361297
0.003706948,3.00E-14,0.001323505,1,0.808817089,0.037603822,0.999999881
9.75E-07,3.00E-14,0.000810502,1,0.808817089,0.09559036,3.00E-14
0.216483653,0.983972967,0.080934532,0.074701898,0.075892329,0.026624227,0.117283307
0.744739175,0.591942072,0.945563853,0.754688501,0.216820329,0.011542678,0.707768559
9.27E-08,3.00E-14,0.002983143,0.999998748,0.808817089,0.09559036,3.00E-14
0.032138541,3.00E-14,0.425726444,0.587156177,0.808817089,0.09559036,3.00E-14
0.734284937,0.71107465,0.851473927,0.252426237,0.16179882,0.010318036,0.385591924
0.811246812,0.570384741,0.116044104,0.025366619,0.16763261,0.055883616,0.033383984
0.083557554,0.80521214,0.534817278,0.013319737,0.034289621,0.003332673,0.795887768
0.00462658,0.426462293,0.773429334,0.003996787,0.782771409,0.095321506,0.52671802
0.211934924,0.90052563,0.070760526,0.177858293,0.051532883,0.016555918,0.035220914
1.51E-06,3.00E-14,0.001091176,0.99999994,0.808817089,0.09559036,3.00E-14
0.483560175,0.933263183,0.062972538,0.858330607,0.064092048,0.046416644,0.269586354
0.007467386,1.76E-05,0.097608671,0.963673174,0.876779079,0.218946323,0.64778918
0.874250174,0.077922165,0.919169068,0.999981046,0.123632438,0.415711194,0.143928021
0.08851558,0.272363544,0.950354993,0.003215796,0.257706791,0.031031989,0.035894834
2.41E-10,3.00E-14,0.023774536,0.999998152,0.808817089,0.09559036,3.00E-14
0.844931662,0.580030382,0.787023842,0.802864909,0.081588082,0.159057423,0.170561492
0.923318565,0.294277757,0.996766627,0.00254123,0.313716918,0.91297096,0.181288704
0.99443078,0.010371638,0.987512887,0.090865046,0.060550861,0.73920691,0.561874092
0.20110333,0.098357089,0.941500962,0.207526878,0.172529802,0.018499842,0.209917188
0.102143519,3.00E-14,0.061486557,0.99999994,0.808817089,0.09559036,3.00E-14
0.517682314,0.47296837,0.077543423,0.04802553,0.357341498,0.079258345,0.970211506
1.22E-08,3.00E-14,0.006578227,0.99999994,0.808817089,0.09559036,3.00E-14
3.40E-06,3.00E-14,0.000172201,0.961733222,0.808817089,5.08E-07,4.13E-06
0.920698464,0.118097663,0.762315571,0.643693089,0.002559194,0.072825849,0.034392118
4.24E-06,3.00E-14,0.002851659,0.94958216,0.808817089,0.09559036,3.00E-14
1.55E-07,3.00E-14,0.003120025,1,0.808817089,0.09559036,3.00E-14
1.38E-05,3.00E-14,0.00033812,0.988745868,0.808817089,0.09559036,3.00E-14
1.49E-06,3.00E-14,0.000282227,0.958858728,0.808817089,0.09559036,3.00E-14
5.05E-06,0.962223768,0.00168597,0.625590682,0.056299724,0.002765075,0.977886021
2.61E-06,3.00E-14,0.000101884,1,0.808817089,0.09559036,3.00E-14
0.021955993,3.00E-14,0.087359272,0.672320545,0.808817089,0.09559036,3.00E-14
0.020186627,0.9799788,0.427935302,0.458369493,0.126261488,1.10E-06,0.630490422
0.002713185,3.00E-14,0.000562927,0.953684866,0.808817089,0.09559036,3.00E-14
0.159532338,0.987742782,0.079624392,0.059841715,0.007714832,0.00529511,0.079640076
0.005739479,3.00E-14,0.002723748,0.992678106,0.808817089,0.09559036,3.00E-14
0.005879417,3.00E-14,0.00370894,0.99999994,0.808817089,0.09559036,3.00E-14
0.1154605,0.964897394,0.148943603,0.134879813,0.073815994,2.19E-06,0.635223806
0.014466431,0.982219219,0.001682361,0.000414581,0.041669399,0.16923964,0.728958726
6.25E-07,3.00E-14,0.000631469,0.999998748,0.808817089,0.09559036,3.00E-14
0.13045077,0.78756249,0.026732722,0.0847179,0.16539818,0.043420594,0.009267127
0.99190253,0.818384647,0.489800006,0.027464841,0.040286191,0.108238027,0.555946052
0.017544873,0.997936487,0.05792249,0.216650516,0.017449325,2.97E-06,2.11E-06
0.2990385,0.970713615,0.075095616,0.004252046,0.040075988,0.010613802,0.3919034
0.008138155,3.00E-14,0.000675388,0.01707495,0.808817089,0.095408916,3.00E-14
0.352082312,0.77068603,0.452462733,0.33720836,0.033577982,0.003899595,0.123505466
0.203490853,0.044822268,0.956423879,0.615279675,0.374429554,0.113852941,0.513906598
2.52E-06,0.99631381,0.003650912,0.005515762,0.051470567,0.003479572,0.433844209
0.045982551,3.00E-14,0.002129959,1,0.808817089,0.09559036,3.00E-14
0.94111377,0.807553709,0.134774759,0.751758635,0.056484066,0.010507828,0.894329011
0.114112064,3.00E-14,0.026437009,0.999998927,0.808817089,0.09559036,3.00E-14
1.38E-05,3.00E-14,0.00033812,0.988745868,0.808817089,0.09559036,3.00E-14
1.55E-07,3.00E-14,0.003120025,1,0.808817089,0.09559036,3.00E-14
0.481441617,0.882726669,0.16131708,0.376922071,0.009373127,0.005731173,0.721578538
0.053801212,3.00E-14,0.000152595,0.989508152,0.808817089,0.09559036,3.00E-14
0.023277445,0.993740201,0.002653135,0.015356477,0.089520894,0.003028568,0.031463776
3.40E-06,3.00E-14,0.000172201,0.961733222,0.808817089,5.08E-07,4.13E-06
0.021955993,3.00E-14,0.087359272,0.672320545,0.808817089,0.09559036,3.00E-14
0.188334823,0.802066326,0.124451436,0.30116275,0.117823958,0.029151984,0.682714581
0.974877596,0.197901502,0.953654826,0.034118675,0.06384407,0.224676952,0.028394202
0.920698464,0.118097663,0.762315571,0.643693089,0.002559194,0.072825849,0.034392118
4.24E-06,3.00E-14,0.002851659,0.94958216,0.808817089,0.09559036,3.00E-14
0.258500636,0.995647311,0.945410728,0.0036431,0.02352795,1.81E-05,0.740429223
0.081553712,3.00E-14,0.011533649,0.999986589,0.808817089,0.09559036,3.00E-14
0.006856026,3.00E-14,0.005665738,0.999999881,0.808817089,0.09559036,3.00E-14
0.029499138,0.304573268,0.025579421,0.092262685,0.521166682,0.010141678,0.847747386
0.008024016,0.997642279,0.076244943,0.0397989,0.192925096,1.12E-05,0.176817074
0.512396693,0.995534599,0.925084412,0.029888006,0.005166698,0.008409613,0.044466086
0.770157874,0.66343838,0.901963174,0.976174891,0.22208859,0.044618532,0.014577833
0.32845062,0.783105791,0.264592499,0.01050123,0.133083209,0.33249712,0.214441165
0.14741388,0.916961968,0.183543608,0.925404549,0.121656828,7.82E-06,0.125877887
1.05E-06,0.999153197,0.328468174,0.02415411,0.252364725,3.55E-06,0.329770625
0.582166493,0.476970911,0.002471445,0.049858477,0.93725121,0.025955593,0.939488828
3.61E-07,0.993805468,0.002649002,0.001756092,0.140540659,0.009624169,4.51E-08
1.35E-06,3.00E-14,0.00147398,0.992156446,0.808817089,0.09559036,3.00E-14
0.006022023,3.00E-14,0.016503379,0.942083716,0.808817089,0.09559036,3.00E-14
0.002653296,3.00E-14,0.004848697,1,0.808817089,0.09559036,3.00E-14
0.854513347,0.128392369,0.050966874,0.345366776,0.642670274,0.068277963,0.20353061
0.021955993,3.00E-14,0.087359272,0.672320545,0.808817089,0.09559036,3.00E-14
1.55E-07,3.00E-14,0.003120025,1,0.808817089,0.09559036,3.00E-14
0.004288487,3.00E-14,0.00089018,0.999997854,0.808817089,0.09559036,3.00E-14
0.053801212,3.00E-14,0.000152595,0.989508152,0.808817089,0.09559036,3.00E-14
3.68E-07,3.00E-14,0.001482509,0.992206037,0.808817089,0.09559036,3.00E-14
0.481441617,0.882726669,0.16131708,0.376922071,0.009373127,0.005731173,0.721578538
0.974877596,0.197901502,0.953654826,0.034118675,0.06384407,0.224676952,0.028394202
0.647102535,0.999567807,0.068030126,0.08011388,0.063460335,3.15E-06,1.13E-09
0.117999502,0.539633036,0.130077288,0.649749458,0.145283043,0.046831273,0.104603894
7.66E-07,3.00E-14,0.017515119,0.9868806,0.808817089,0.09559036,3.00E-14
0.007185175,3.00E-14,0.035842653,0.999999881,0.808817089,0.09559036,3.00E-14
1.38E-05,3.00E-14,0.00033812,0.988745868,0.808817089,0.09559036,3.00E-14
0.114112064,3.00E-14,0.026437009,0.999998927,0.808817089,0.09559036,3.00E-14
0.861717403,0.265638053,0.858181715,0.027718127,0.075798616,0.038552456,0.371696293
0.007741358,3.00E-14,0.008671891,0.999999821,0.808817089,0.09559036,3.00E-14
0.005739479,3.00E-14,0.002723748,0.992678106,0.808817089,0.09559036,3.00E-14
4.65E-06,3.00E-14,0.002134841,0.370977104,0.808817089,0.09559036,3.00E-14
0.012186227,0.898924232,0.087467708,0.00022217,0.403622001,0.01916028,0.021907017
0.005879417,3.00E-14,0.00370894,0.99999994,0.808817089,0.09559036,3.00E-14
1.35E-06,3.00E-14,0.00147398,0.992156446,0.808817089,0.09559036,3.00E-14
0.929467201,0.786954582,0.791440666,0.018435288,0.003696027,0.007083229,0.614982486
0.188334823,0.802066326,0.124451436,0.30116275,0.117823958,0.029151984,0.682714581
0.13045077,0.78756249,0.026732722,0.0847179,0.16539818,0.043420594,0.009267127
0.030418539,0.904983461,0.087122045,0.112930998,0.090236075,0.006769555,0.033244465
0.058884587,0.972849548,0.119768888,0.104443014,0.264280438,0.005304045,0.531661332
7.42E-06,3.00E-14,0.047793251,0.99999994,0.808817089,0.09559036,3.00E-14
0.02574441,0.862917662,0.000856381,0.04501811,0.194220752,4.70E-07,0.999320328
0.053801212,3.00E-14,0.000152595,0.989508152,0.808817089,0.09559036,3.00E-14
1.38E-05,3.00E-14,0.00033812,0.988745868,0.808817089,0.09559036,3.00E-14
1.55E-07,3.00E-14,0.003120025,1,0.808817089,0.09559036,3.00E-14
4.24E-06,3.00E-14,0.002851659,0.94958216,0.808817089,0.09559036,3.00E-14
0.188334823,0.802066326,0.124451436,0.30116275,0.117823958,0.029151984,0.682714581
0.258500636,0.995647311,0.945410728,0.0036431,0.02352795,1.81E-05,0.740429223
0.023277445,0.993740201,0.002653135,0.015356477,0.089520894,0.003028568,0.031463776
1.41E-06,3.00E-14,0.000287435,0.957918704,0.808817089,0.09559036,3.00E-14
0.017544873,0.997936487,0.05792249,0.216650516,0.017449325,2.97E-06,2.11E-06
0.920698464,0.118097663,0.762315571,0.643693089,0.002559194,0.072825849,0.034392118
0.005879417,3.00E-14,0.00370894,0.99999994,0.808817089,0.09559036,3.00E-14
0.006856026,3.00E-14,0.005665738,0.999999881,0.808817089,0.09559036,3.00E-14
0.1154605,0.964897394,0.148943603,0.134879813,0.073815994,2.19E-06,0.635223806
0.005879417,3.00E-14,0.00370894,0.99999994,0.808817089,0.09559036,3.00E-14
0.021955993,3.00E-14,0.087359272,0.672320545,0.808817089,0.09559036,3.00E-14
3.40E-06,3.00E-14,0.000172201,0.961733222,0.808817089,5.08E-07,4.13E-06
0.505284905,0.337804556,0.060527027,0.263806701,0.817673445,0.04691726,0.750004947
5.05E-06,0.962223768,0.00168597,0.625590682,0.056299724,0.002765075,0.977886021
0.175057903,0.93500638,0.223023772,0.369286627,0.061260268,0.007841176,0.16767171
0.082532063,0.989203751,0.007311448,0.568813503,0.040645879,1.30E-06,0.903332055
0.13045077,0.78756249,0.026732722,0.0847179,0.16539818,0.043420594,0.009267127
0.203490853,0.044822268,0.956423879,0.615279675,0.374429554,0.113852941,0.513906598
0.850394011,0.987493873,0.110329822,0.031746693,0.055899329,0.006966945,0.23589316
0.352082312,0.77068603,0.452462733,0.33720836,0.033577982,0.003899595,0.123505466
2.61E-06,3.00E-14,0.000101884,1,0.808817089,0.09559036,3.00E-14
0.009157158,3.00E-14,0.02269586,0.99999696,0.808817089,0.09559036,3.00E-14
0.2990385,0.970713615,0.075095616,0.004252046,0.040075988,0.010613802,0.3919034
0.002740309,3.00E-14,0.068571024,0.983970582,0.808817089,0.09559036,3.00E-14
6.25E-07,3.00E-14,0.000631469,0.999998748,0.808817089,0.09559036,3.00E-14
0.00304745,3.00E-14,0.003404047,0.99999994,0.808817089,0.09559036,3.00E-14
0.113267057,0.013409187,0.010765119,0.201955661,0.800242782,5.69E-07,0.374043673
0.053801212,3.00E-14,0.000152595,0.989508152,0.808817089,0.09559036,3.00E-14
0.003842527,3.00E-14,0.006979481,0.999998331,0.808817089,0.09559036,3.00E-14
0.14902243,0.697488844,0.11822053,0.229124099,0.012443893,0.012334493,0.329852223
0.031260774,3.00E-14,0.007630212,0.988553822,0.808817089,0.09559036,3.00E-14
3.34E-06,3.00E-14,0.005236495,0.960946441,0.808817089,0.09559036,3.00E-14
0.569917262,0.695585787,0.057428058,0.130225539,0.156709909,0.058705751,0.345411152
3.11E-07,3.00E-14,0.002144358,0.999996543,0.808817089,0.09559036,3.00E-14
4.95E-09,3.00E-14,0.001828308,0.993687451,0.808817089,0.09559036,3.00E-14
0.100954197,0.132268831,0.126449302,0.159617096,0.199585944,0.025654338,0.722061157
0.960772991,0.795474172,0.15060097,0.013743213,0.148285657,0.117374524,0.045498095
0.838721752,0.949720323,0.343298852,0.98075366,0.12496037,0.00358669,0.988363206
1.63E-06,3.00E-14,0.003563913,0.983819783,0.808817089,0.09559036,3.00E-14
0.034051284,0.926755786,0.181944817,0.001826603,0.110030428,0.007115023,0.081837535
0.116083294,0.998188853,0.304315984,0.093594804,0.003760037,0.002968079,0.81715554
0.948298216,0.03872874,0.901506543,0.999999642,0.995304227,0.992715418,0.019141925
0.013872429,0.703887165,0.013531402,0.746566772,0.353207409,0.018082324,0.082701072
0.280404985,0.323930144,0.994738638,0.412515163,0.655582368,0.02404288,0.147587627
0.421123773,0.754783034,0.114032388,0.007662416,0.5,0.003403099,0.359872252
0.067196384,0.99429673,0.136797696,0.5,0.080068529,8.04E-07,5.50E-07
0.033789352,0.982030749,0.145166233,0.463120461,0.050166029,0.006940072,0.19463411
0.188334823,0.802066326,0.124451436,0.30116275,0.117823958,0.029151984,0.682714581
0.8105129,0.86331147,0.590258002,0.422650218,0.00116471,0.003521106,0.046514105
0.84948647,0.771296561,0.021309299,0.742622256,0.111096084,0.004612697,0.263299674
0.682090819,0.798052907,0.321498245,0.001727015,0.086284116,0.012762909,0.759339571
0.018620202,3.00E-14,0.000330467,0.999999285,0.808817089,0.09559036,3.00E-14
0.653514922,0.921810985,0.187451541,0.059665624,0.068055682,0.006965541,0.158066064
0.584506631,0.976407051,0.151151106,0.52617681,0.101285353,0.003836715,0.138526082
6.24E-06,3.00E-14,0.000278807,1,0.808817089,0.09559036,3.00E-14
0.682112038,0.962342739,0.33773008,0.114136666,0.00593989,4.34E-06,0.801535845
0.073128253,0.91057384,0.053177711,0.003564824,0.33865729,3.31E-06,0.725056052
0.570754647,1.71E-06,0.780011714,0.844301641,0.673457205,0.044383664,0.979991615
4.24E-06,3.00E-14,0.002851659,0.94958216,0.808817089,0.09559036,3.00E-14
0.085587181,2.37E-10,0.388375849,0.004601539,0.667834282,1.11E-06,0.999253154
0.137544945,3.00E-14,0.044453535,0.997403562,0.808817089,0.09559036,3.00E-14
0.749669552,0.440880239,0.406726837,0.877704442,0.014326184,0.043113485,0.175393865
0.006963213,3.00E-14,0.007962658,0.999997437,0.808817089,0.09559036,3.00E-14
0.333093613,3.00E-14,0.059370425,0.999992371,0.808817089,0.09559036,3.00E-14
0.009519542,3.00E-14,0.081622183,1,0.808817089,0.09559036,3.00E-14
4.64E-07,3.00E-14,0.003904729,0.999992013,0.808817089,0.09559036,3.00E-14
0.022623172,3.00E-14,0.007044565,0.999985158,0.808817089,0.09559036,3.00E-14
0.1154605,0.964897394,0.148943603,0.134879813,0.073815994,2.19E-06,0.635223806
4.96E-07,3.00E-14,0.015981505,0.9837358,0.808817089,0.09559036,3.00E-14
1.72E-06,3.00E-14,0.006430581,0.87727654,0.808817089,0.09559036,3.00E-14
0.986657083,0.013165942,0.717431247,0.665124536,0.93316406,0.702201068,0.123669766
0.026664512,0.746539533,0.003394402,0.001143866,0.494707465,0.00960233,0.913810432
0.964277506,0.998530149,0.208889037,0.025327047,0.061397295,7.03E-07,0.141047776
3.69E-07,3.00E-14,0.012431487,0.997370183,0.808817089,0.09559036,3.00E-14
0.00729527,3.00E-14,0.001012258,0.996602714,0.808817089,0.09559036,3.00E-14
6.69E-07,3.00E-14,0.002996092,1,0.808817089,0.09559036,3.00E-14
1.55E-07,3.00E-14,0.003120025,1,0.808817089,0.09559036,3.00E-14
0.006856026,3.00E-14,0.005665738,0.999999881,0.808817089,0.09559036,3.00E-14
1.38E-05,3.00E-14,0.00033812,0.988745868,0.808817089,0.09559036,3.00E-14
5.54E-07,3.00E-14,0.003317771,1,0.808817089,0.09559036,3.00E-14
0.562708378,0.04343373,0.786943614,0.978145838,0.722828031,0.004311725,0.592894614
0.920698464,0.118097663,0.762315571,0.643693089,0.002559194,0.072825849,0.034392118
5.75E-10,3.00E-14,0.00873664,0.962984622,0.808817089,0.09559036,3.00E-14
3.40E-06,3.00E-14,0.000172201,0.961733222,0.808817089,5.08E-07,4.13E-06
4.24E-06,3.00E-14,0.002851659,0.94958216,0.808817089,0.09559036,3.00E-14
0.188334823,0.802066326,0.124451436,0.30116275,0.117823958,0.029151984,0.682714581
0.98815757,0.940999746,0.187594056,0.13680619,0.057294752,0.005226293,0.281801969
0.861717403,0.265638053,0.858181715,0.027718127,0.075798616,0.038552456,0.371696293
0.1154605,0.964897394,0.148943603,0.134879813,0.073815994,2.19E-06,0.635223806
0.906625569,0.4733513,0.016168591,0.013406227,0.129968941,0.0478618,0.813143015
0.020186627,0.9799788,0.427935302,0.458369493,0.126261488,1.10E-06,0.630490422
1.35E-06,3.00E-14,0.00147398,0.992156446,0.808817089,0.09559036,3.00E-14
6.25E-07,3.00E-14,0.000631469,0.999998748,0.808817089,0.09559036,3.00E-14
5.05E-06,0.962223768,0.00168597,0.625590682,0.056299724,0.002765075,0.977886021
0.00355444,3.00E-14,0.007191979,0.994987249,0.808817089,0.09559036,3.00E-14
0.005879417,3.00E-14,0.00370894,0.99999994,0.808817089,0.09559036,3.00E-14
0.008750973,3.00E-14,0.007294588,0.999994695,0.808817089,0.09559036,3.00E-14
0.162045419,0.896387041,0.307045251,0.004884473,0.028516794,9.68E-06,0.706103027
0.102143519,3.00E-14,0.061486557,0.99999994,0.808817089,0.09559036,3.00E-14
4.65E-06,3.00E-14,0.002134841,0.370977104,0.808817089,0.09559036,3.00E-14
0.2990385,0.970713615,0.075095616,0.004252046,0.040075988,0.010613802,0.3919034
1.38E-05,3.00E-14,0.000801373,0.990846097,0.808817089,0.09559036,3.00E-14
0.936012387,0.450612962,0.333705992,0.461654991,0.112379543,0.173571482,0.537321627
0.99190253,0.818384647,0.489800006,0.027464841,0.040286191,0.108238027,0.555946052
0.656237066,0.787967145,0.542247534,0.021049954,0.060091641,0.044711236,0.060726549
0.885095775,0.388949364,0.995773077,0.093583807,0.0476234,0.066821545,0.159179643
1.14E-05,3.00E-14,0.003266987,0.999981403,0.808817089,0.09559036,3.00E-14
0.183429584,0.984089375,0.022191931,0.766267121,0.109048307,0.006479415,0.007835026
0.034665119,3.00E-14,0.027145393,0.000964306,0.808818281,9.02E-06,0.917853534
0.237833396,0.409133911,0.033049412,0.004236246,0.343915612,0.009028452,0.244289443
3.09E-06,3.00E-14,0.039187789,0.99999994,0.808817089,0.09559036,3.00E-14
0.975918233,0.416806102,0.779921472,0.031163404,0.013850112,0.168684676,0.016971776
0.803256154,0.220817775,0.35126248,0.187353522,0.08353851,0.063535459,0.21869354
0.011777726,3.00E-14,0.000580896,0.91565311,0.808817089,0.09559036,3.00E-14
3.73E-06,3.00E-14,0.002172336,0.977932632,0.808817089,0.09559036,3.00E-14
0.63552165,0.574473143,0.159126014,0.104183502,0.081885979,0.010113315,0.27365616
0.935168386,0.907420576,0.268638939,0.037983548,0.038460981,0.008781697,0.383138388
0.007091764,3.00E-14,0.001500833,0.970534742,0.808817089,0.09559036,3.00E-14
0.61407584,0.828888237,0.664647281,0.288723141,0.037964184,0.00514297,0.098937899
0.474851459,0.31949231,0.487296194,0.075171955,0.095536299,0.062278699,0.760391474
0.14902243,0.697488844,0.11822053,0.229124099,0.012443893,0.012334493,0.329852223
0.5,0.008494401,0.026423508,0.011842053,0.563185632,2.03E-06,0.059193622
0.569287121,0.940553963,0.109435022,0.111113615,0.052596625,0.004106655,0.661759794
3.34E-07,3.00E-14,0.000478665,0.999999881,0.808817089,0.09559036,3.00E-14
0.083682068,0.852517486,0.001156783,0.064664327,0.074196756,0.034161683,0.09491127
0.365592152,0.947660267,0.060210466,0.007146802,0.009895991,0.003320241,0.407494187
0.333422512,0.640094519,0.868422508,0.064626887,0.154349416,0.02647575,0.113898069
0.98345834,0.097062148,0.987258852,0.376315981,0.033308472,0.098173954,0.866949975
0.157796949,0.947205067,0.414964676,0.48195073,0.217391357,0.057688087,0.46417439
0.00743363,3.00E-14,0.000495816,0.960423887,0.808817089,0.09559036,3.00E-14
1.56E-05,3.00E-14,0.013467615,0.999991894,0.808817089,0.09559036,3.00E-14
0.707077801,0.984055161,0.099455714,0.269711822,0.013251939,0.003871432,0.65901643
0.037000544,0.920490682,0.405686736,0.480753779,0.049178399,5.31E-08,0.192214608
0.326261729,0.291922182,0.894527256,0.595492184,0.103290021,0.002853262,0.277046949
0.029499138,0.304573268,0.025579421,0.092262685,0.521166682,0.010141678,0.847747386
0.666079223,0.046503626,0.010359292,0.947527409,0.250199646,0.009376508,0.606488824
0.258500636,0.995647311,0.945410728,0.0036431,0.02352795,1.81E-05,0.740429223
0.023277445,0.993740201,0.002653135,0.015356477,0.089520894,0.003028568,0.031463776
0.81315583,0.682125628,0.007497991,0.028384967,0.008450615,0.034456395,0.517604232
1.22E-08,3.00E-14,0.006578227,0.99999994,0.808817089,0.09559036,3.00E-14
1.55E-07,3.00E-14,0.003120025,1,0.808817089,0.09559036,3.00E-14
0.097509429,0.793104708,0.103566028,0.975545406,0.046402261,0.014126292,0.896398127
1.49E-06,3.00E-14,0.000282227,0.958858728,0.808817089,0.09559036,3.00E-14
3.40E-06,3.00E-14,0.000172201,0.961733222,0.808817089,5.08E-07,4.13E-06
5.54E-07,3.00E-14,0.003317771,1,0.808817089,0.09559036,3.00E-14
0.202301681,0.983207524,0.0500324,0.000850576,0.026697213,5.00E-06,0.223145738
2.52E-06,0.99631381,0.003650912,0.005515762,0.051470567,0.003479572,0.433844209
0.861717403,0.265638053,0.858181715,0.027718127,0.075798616,0.038552456,0.371696293
0.170936912,0.859143674,0.085786998,0.819694817,0.782863379,0.091799967,0.070481025
0.647102535,0.999567807,0.068030126,0.08011388,0.063460335,3.15E-06,1.13E-09
0.191614479,0.295646548,0.11319162,0.204688028,0.580318987,0.101863936,0.053116597
1.54E-06,0.995755434,0.031404369,0.824775517,0.027781447,4.78E-06,0.429949194
0.175057903,0.93500638,0.223023772,0.369286627,0.061260268,0.007841176,0.16767171
0.1154605,0.964897394,0.148943603,0.134879813,0.073815994,2.19E-06,0.635223806
0.13045077,0.78756249,0.026732722,0.0847179,0.16539818,0.043420594,0.009267127
0.191915601,0.991649985,0.086234815,0.016928209,0.027196044,0.016894022,0.665215909
0.203490853,0.044822268,0.956423879,0.615279675,0.374429554,0.113852941,0.513906598
6.63E-09,3.00E-14,0.006915421,0.999999821,0.808817089,0.09559036,3.00E-14
1.72E-06,3.00E-14,0.006430581,0.87727654,0.808817089,0.09559036,3.00E-14
0.2990385,0.970713615,0.075095616,0.004252046,0.040075988,0.010613802,0.3919034
4.07E-06,0.980568647,0.022645647,0.697634876,0.159480423,0.015711136,0.230727583
0.005103323,0.999477208,0.000496858,0.011289567,0.036565464,4.70E-06,0.080005869
0.031260774,3.00E-14,0.007630212,0.988553822,0.808817089,0.09559036,3.00E-14
7.93E-06,3.00E-14,0.001155061,0.999999881,0.808817089,0.09559036,3.00E-14
0.006856026,3.00E-14,0.005665738,0.999999881,0.808817089,0.09559036,3.00E-14
1.55E-07,3.00E-14,0.003120025,1,0.808817089,0.09559036,3.00E-14
4.24E-06,3.00E-14,0.002851659,0.94958216,0.808817089,0.09559036,3.00E-14
1.38E-05,3.00E-14,0.00033812,0.988745868,0.808817089,0.09559036,3.00E-14
3.40E-06,3.00E-14,0.000172201,0.961733222,0.808817089,5.08E-07,4.13E-06
0.920698464,0.118097663,0.762315571,0.643693089,0.002559194,0.072825849,0.034392118
0.003706948,3.00E-14,0.001323505,1,0.808817089,0.037603822,0.999999881
0.481441617,0.882726669,0.16131708,0.376922071,0.009373127,0.005731173,0.721578538
0.188334823,0.802066326,0.124451436,0.30116275,0.117823958,0.029151984,0.682714581
0.00355444,3.00E-14,0.007191979,0.994987249,0.808817089,0.09559036,3.00E-14
0.94111377,0.807553709,0.134774759,0.751758635,0.056484066,0.010507828,0.894329011
0.005739479,3.00E-14,0.002723748,0.992678106,0.808817089,0.09559036,3.00E-14
0.009157158,3.00E-14,0.02269586,0.99999696,0.808817089,0.09559036,3.00E-14
0.102143519,3.00E-14,0.061486557,0.99999994,0.808817089,0.09559036,3.00E-14
7.66E-07,3.00E-14,0.017515119,0.9868806,0.808817089,0.09559036,3.00E-14
0.1154605,0.964897394,0.148943603,0.134879813,0.073815994,2.19E-06,0.635223806
0.005879417,3.00E-14,0.00370894,0.99999994,0.808817089,0.09559036,3.00E-14
0.969379365,0.888179481,0.569713652,0.046278015,0.013724852,0.004621608,0.594732881
0.020970142,3.00E-14,0.040892217,0.990018129,0.808817089,0.09559036,3.00E-14
1.38E-05,3.00E-14,0.000801373,0.990846097,0.808817089,0.09559036,3.00E-14
0.002740309,3.00E-14,0.068571024,0.983970582,0.808817089,0.09559036,3.00E-14
1.35E-06,3.00E-14,0.00147398,0.992156446,0.808817089,0.09559036,3.00E-14
5.05E-06,0.962223768,0.00168597,0.625590682,0.056299724,0.002765075,0.977886021
0.191915601,0.991649985,0.086234815,0.016928209,0.027196044,0.016894022,0.665215909
2.85E-06,3.00E-14,0.000362064,0.997298062,0.808817089,0.09559036,3.00E-14
0.2990385,0.970713615,0.075095616,0.004252046,0.040075988,0.010613802,0.3919034
0.990952075,0.17943494,0.978558779,0.787265599,0.272647887,0.013061933,0.946648836
0.00829656,0.885107875,0.001046671,0.464152515,0.16807057,0.003718363,0.754992425
7.42E-06,3.00E-14,0.047793251,0.99999994,0.808817089,0.09559036,3.00E-14
0.622304916,0.819407821,0.154854119,0.832728386,0.433299839,0.06786605,0.022070192
0.183429584,0.984089375,0.022191931,0.766267121,0.109048307,0.006479415,0.007835026
0.630263925,0.978314877,0.046985663,0.027758041,0.091937281,0.01286386,0.552294314
0.890074193,0.935322821,0.319345087,0.180242613,0.007904802,0.008707274,0.472174913
0.011777726,3.00E-14,0.000580896,0.91565311,0.808817089,0.09559036,3.00E-14
1.35E-06,3.00E-14,0.004462173,0.993697464,0.808817089,0.09559036,3.00E-14
1.45E-06,3.00E-14,0.004397999,0.999996185,0.808817089,0.09559036,3.00E-14
0.795804679,0.926359475,0.085458979,0.955177546,0.04127859,0.028150041,0.805003524
0.012517476,3.00E-14,0.003519305,0.99999994,0.808817089,0.09559036,3.00E-14
0.06994006,0.910282493,0.276005864,0.040093396,0.236148179,0.006748979,0.329276264
0.020545775,0.98172313,0.44820714,0.000970102,0.039566398,0.00849265,0.037927322
0.480788559,0.584320724,0.022026777,0.067224734,0.018706234,0.08263921,0.319003165
0.812578797,0.672446787,0.542813003,0.188173681,0.042746864,0.070541613,0.544973552
0.707731009,0.60315913,0.57274735,0.07772553,0.038747527,0.104313895,0.006917866
0.018620202,3.00E-14,0.000330467,0.999999285,0.808817089,0.09559036,3.00E-14
0.91707027,0.929717183,0.134134203,0.267971724,0.045444783,0.012984134,0.188461259
0.707077801,0.984055161,0.099455714,0.269711822,0.013251939,0.003871432,0.65901643
0.234207168,0.049742255,0.060636207,0.115899101,0.805942178,0.003099526,0.995546162
0.157796949,0.947205067,0.414964676,0.48195073,0.217391357,0.057688087,0.46417439
0.585530341,0.993660867,0.743113816,0.000539028,0.04717442,0.003291901,0.759004951
0.87217325,0.7420066,0.246721476,0.281135559,0.034417983,0.041690066,0.044254966
0.114272565,0.531982183,0.037927907,0.714881182,0.571522892,0.5,0.261127114
9.49E-07,3.00E-14,0.003023271,0.608703732,0.808817089,0.09559036,3.00E-14
0.920698464,0.118097663,0.762315571,0.643693089,0.002559194,0.072825849,0.034392118
4.72E-06,3.00E-14,0.004895265,0.997178435,0.808817089,0.09559036,3.00E-14
0.023277445,0.993740201,0.002653135,0.015356477,0.089520894,0.003028568,0.031463776
0.505284905,0.337804556,0.060527027,0.263806701,0.817673445,0.04691726,0.750004947
8.75E-08,3.00E-14,0.003978696,1,0.808817089,0.09559036,3.00E-14
0.003706948,3.00E-14,0.001323505,1,0.808817089,0.037603822,0.999999881
0.053801212,3.00E-14,0.000152595,0.989508152,0.808817089,0.09559036,3.00E-14
1.55E-07,3.00E-14,0.003120025,1,0.808817089,0.09559036,3.00E-14
0.021955993,3.00E-14,0.087359272,0.672320545,0.808817089,0.09559036,3.00E-14
0.008422411,0.996115804,0.001205107,0.029930381,0.045921147,3.78E-06,0.922494948
4.24E-06,3.00E-14,0.002851659,0.94958216,0.808817089,0.09559036,3.00E-14
0.143320218,0.788951457,0.18424122,0.87566638,0.092944115,1.27E-05,0.931747258
0.002554621,3.00E-14,0.009841046,0.965651631,0.808817089,0.09559036,3.00E-14
0.007347032,3.00E-14,0.002665773,0.999994457,0.808817089,0.09559036,3.00E-14
0.02574441,0.862917662,0.000856381,0.04501811,0.194220752,4.70E-07,0.999320328
0.093045011,0.992222726,0.063451611,0.013846424,0.053216785,7.62E-06,0.060551986
0.011665768,0.980105877,0.000969059,0.029720405,0.032287639,1.53E-05,0.995688915
9.20E-07,3.00E-14,0.000691948,0.9222368,0.808817089,0.09559036,3.00E-14
8.43E-06,3.00E-14,0.004734647,0.987436473,0.808817089,0.09559036,3.00E-14
0.056171566,0.997858346,0.056949779,0.069643289,0.017850876,3.23E-06,0.612271011
0.042207591,0.804941595,0.040225886,0.988643467,0.072793454,0.004613338,0.801514447
0.31239897,0.976424277,0.04548629,0.210947767,0.028049622,1.79E-05,0.768789589
0.017162671,0.241392598,0.856135488,0.790018916,0.678365231,1.16E-05,0.995692194
0.184570208,0.999999881,0.012521597,0.1483863,0.808817089,0.09559036,0.999999881
0.0071915,0.999862552,0.001800588,0.003588272,0.028123019,1.64E-05,6.97E-07
5.97E-06,3.00E-14,0.016456082,0.999999523,0.808817089,0.09559036,3.00E-14
0.279932529,0.934440017,0.001938239,0.024754779,0.052770037,0.008874523,0.864998043
1.35E-06,3.00E-14,0.00147398,0.992156446,0.808817089,0.09559036,3.00E-14
1.38E-05,3.00E-14,0.00033812,0.988745868,0.808817089,0.09559036,3.00E-14
0.008834029,0.974404514,0.002819843,0.023165124,0.022630543,0.00295057,0.30460608
9.20E-07,3.00E-14,0.010366634,1,0.808817089,0.09559036,3.00E-14
0.011983809,0.93339932,0.011140485,0.299534261,0.432254791,8.91E-06,0.310229689
0.011493865,3.00E-14,0.002818754,1,0.808817089,0.09559036,3.00E-14
5.97E-06,0.995246172,0.009226404,0.0010047,0.007115082,1.25E-05,0.050776321
2.85E-08,3.00E-14,0.001658527,0.99999851,0.808817089,0.09559036,3.00E-14
1.67E-06,0.941720366,0.000136115,0.017493559,0.608285606,5.37E-06,0.228160754
0.006001518,3.00E-14,0.010893793,0.97541225,0.808817089,0.09559036,3.00E-14
0.142355889,1.92E-05,0.01702261,0.000120826,0.807732105,1.33E-08,0.999900937
0.079626732,0.985254586,0.023745051,0.018152876,0.038495794,0.005967364,0.204295471
0.027364923,0.968151569,0.00084226,0.5,0.04055715,0.009262593,0.029585028
0.025385486,0.988446355,0.007782408,0.005525602,0.046879325,4.36E-06,0.163194329
0.11553026,3.00E-14,0.429147542,0.004031589,0.808793366,2.59E-07,0.990391314
0.005544707,0.99186939,0.003430207,0.516376674,0.043606419,8.88E-06,1.46E-06
0.006000107,0.868452966,0.198464677,0.185413048,0.068325661,0.009315482,0.891524792
0.02522607,0.956984043,0.006264054,0.098223045,0.048943896,0.009139303,0.565320134
0.006311503,0.423518091,0.003901879,0.002957728,0.776439786,1.59E-08,0.999989867
0.002595407,0.998435795,0.001507209,0.075972073,0.080353998,1.66E-07,0.477699757
4.11E-07,3.00E-14,0.010461209,0.888317287,0.808817089,0.09559036,3.00E-14
6.47E-06,0.99750638,0.000131238,0.102316663,0.01241349,1.91E-05,0.08195205
0.116083294,0.998188853,0.304315984,0.093594804,0.003760037,0.002968079,0.81715554
0.738601506,0.656183183,0.826241672,0.571712017,0.174325436,0.007638943,0.377788246
5.51E-06,3.00E-14,0.029785467,0.999994099,0.808817089,0.09559036,3.00E-14
0.87217325,0.7420066,0.246721476,0.281135559,0.034417983,0.041690066,0.044254966
0.8832407,0.709693551,0.999999523,0.541483164,0.04398901,0.029331889,0.02046367
4.95E-09,3.00E-14,0.001828308,0.993687451,0.808817089,0.09559036,3.00E-14
0.14902243,0.697488844,0.11822053,0.229124099,0.012443893,0.012334493,0.329852223
0.156006172,0.880765498,0.023331719,0.133774176,0.062270872,0.009603864,0.52121824
0.003842527,3.00E-14,0.006979481,0.999998331,0.808817089,0.09559036,3.00E-14
3.11E-07,3.00E-14,0.002144358,0.999996543,0.808817089,0.09559036,3.00E-14
0.057428237,0.997800171,0.948326528,0.437269151,0.033328187,1.77E-05,0.013130688
0.117973,0.167607769,0.946212471,0.551785588,0.302927315,0.13666676,0.108598195
0.864783645,0.909750164,0.046337806,0.297530562,0.143193871,0.008112887,0.207249269
0.81315583,0.682125628,0.007497991,0.028384967,0.008450615,0.034456395,0.517604232
0.002740309,3.00E-14,0.068571024,0.983970582,0.808817089,0.09559036,3.00E-14
0.009157158,3.00E-14,0.02269586,0.99999696,0.808817089,0.09559036,3.00E-14
1.38E-05,3.00E-14,0.000801373,0.990846097,0.808817089,0.09559036,3.00E-14
1.55E-07,3.00E-14,0.003120025,1,0.808817089,0.09559036,3.00E-14
0.053801212,3.00E-14,0.000152595,0.989508152,0.808817089,0.09559036,3.00E-14
2.85E-06,3.00E-14,0.000362064,0.997298062,0.808817089,0.09559036,3.00E-14
1.38E-05,3.00E-14,0.00033812,0.988745868,0.808817089,0.09559036,3.00E-14
1.13E-05,3.00E-14,0.010425444,1,0.808817089,0.09559036,3.00E-14
0.899288595,0.834991574,0.407743901,0.070694886,0.157711804,0.002977747,0.736210704
4.24E-06,3.00E-14,0.002851659,0.94958216,0.808817089,0.09559036,3.00E-14
0.062555522,0.346838206,0.44998154,0.145221546,0.026324067,0.055855442,0.694203019
5.75E-10,3.00E-14,0.00873664,0.962984622,0.808817089,0.09559036,3.00E-14
6.80E-07,3.00E-14,0.001205334,0.942529678,0.808817089,0.09559036,3.00E-14
0.006856026,3.00E-14,0.005665738,0.999999881,0.808817089,0.09559036,3.00E-14
0.850394011,0.987493873,0.110329822,0.031746693,0.055899329,0.006966945,0.23589316
3.40E-06,3.00E-14,0.000172201,0.961733222,0.808817089,5.08E-07,4.13E-06
0.562708378,0.04343373,0.786943614,0.978145838,0.722828031,0.004311725,0.592894614
0.158869967,0.96538204,0.566221774,0.281659096,0.019496743,9.07E-06,0.419105142
0.2990385,0.970713615,0.075095616,0.004252046,0.040075988,0.010613802,0.3919034
6.80E-06,3.00E-14,0.000773003,0.922428489,0.808817089,0.09559036,3.00E-14
0.920698464,0.118097663,0.762315571,0.643693089,0.002559194,0.072825849,0.034392118
0.990850806,0.529624522,0.661588609,0.059950929,0.120435782,0.06664589,0.037791185
1.41E-06,3.00E-14,0.000287435,0.957918704,0.808817089,0.09559036,3.00E-14
0.005879417,3.00E-14,0.00370894,0.99999994,0.808817089,0.09559036,3.00E-14
7.66E-07,3.00E-14,0.017515119,0.9868806,0.808817089,0.09559036,3.00E-14
0.13045077,0.78756249,0.026732722,0.0847179,0.16539818,0.043420594,0.009267127
0.102143519,3.00E-14,0.061486557,0.99999994,0.808817089,0.09559036,3.00E-14
0.505284905,0.337804556,0.060527027,0.263806701,0.817673445,0.04691726,0.750004947
0.858991444,0.329098195,0.09760876,0.931076109,0.811874211,0.38325721,0.20141837
1.55E-07,3.00E-14,0.003120025,1,0.808817089,0.09559036,3.00E-14
0.053801212,3.00E-14,0.000152595,0.989508152,0.808817089,0.09559036,3.00E-14
0.021955993,3.00E-14,0.087359272,0.672320545,0.808817089,0.09559036,3.00E-14
0.008001987,3.00E-14,0.005424844,0.999997258,0.808817089,0.09559036,3.00E-14
0.974877596,0.197901502,0.953654826,0.034118675,0.06384407,0.224676952,0.028394202
4.24E-06,3.00E-14,0.002851659,0.94958216,0.808817089,0.09559036,3.00E-14
0.018620202,3.00E-14,0.000330467,0.999999285,0.808817089,0.09559036,3.00E-14
0.083557554,0.80521214,0.534817278,0.013319737,0.034289621,0.003332673,0.795887768
0.211934924,0.90052563,0.070760526,0.177858293,0.051532883,0.016555918,0.035220914
7.66E-07,3.00E-14,0.017515119,0.9868806,0.808817089,0.09559036,3.00E-14
0.102143519,3.00E-14,0.061486557,0.99999994,0.808817089,0.09559036,3.00E-14
0.734284937,0.71107465,0.851473927,0.252426237,0.16179882,0.010318036,0.385591924
1.38E-05,3.00E-14,0.00033812,0.988745868,0.808817089,0.09559036,3.00E-14
0.811246812,0.570384741,0.116044104,0.025366619,0.16763261,0.055883616,0.033383984
0.483560175,0.933263183,0.062972538,0.858330607,0.064092048,0.046416644,0.269586354
0.932411015,0.086052105,0.796837687,0.076736495,0.382305771,0.0476234,0.983557105
0.931731343,0.237324879,0.729121625,0.019357277,0.12761879,0.046855226,0.225638688
0.026764838,3.00E-14,0.000283004,0.793228447,0.808817089,0.09559036,3.00E-14
1.35E-06,3.00E-14,0.00147398,0.992156446,0.808817089,0.09559036,3.00E-14
0.020970142,3.00E-14,0.040892217,0.990018129,0.808817089,0.09559036,3.00E-14
0.874250174,0.077922165,0.919169068,0.999981046,0.123632438,0.415711194,0.143928021
0.00355444,3.00E-14,0.007191979,0.994987249,0.808817089,0.09559036,3.00E-14
0.009157158,3.00E-14,0.02269586,0.99999696,0.808817089,0.09559036,3.00E-14
0.022623172,3.00E-14,0.007044565,0.999985158,0.808817089,0.09559036,3.00E-14
0.890697777,0.97824806,0.585759878,0.20253621,0.016434064,0.027244911,0.112140171
3.40E-06,3.00E-14,0.000172201,0.961733222,0.808817089,5.08E-07,4.13E-06
1.49E-06,3.00E-14,0.000282227,0.958858728,0.808817089,0.09559036,3.00E-14
6.25E-07,3.00E-14,0.000631469,0.999998748,0.808817089,0.09559036,3.00E-14
0.018620202,3.00E-14,0.000330467,0.999999285,0.808817089,0.09559036,3.00E-14
0.053801212,3.00E-14,0.000152595,0.989508152,0.808817089,0.09559036,3.00E-14
0.006856026,3.00E-14,0.005665738,0.999999881,0.808817089,0.09559036,3.00E-14
1.38E-05,3.00E-14,0.00033812,0.988745868,0.808817089,0.09559036,3.00E-14
0.920698464,0.118097663,0.762315571,0.643693089,0.002559194,0.072825849,0.034392118
0.010197836,3.00E-14,0.013588949,0.999993563,0.808817089,0.09559036,3.00E-14
0.562708378,0.04343373,0.786943614,0.978145838,0.722828031,0.004311725,0.592894614
0.94111377,0.807553709,0.134774759,0.751758635,0.056484066,0.010507828,0.894329011
0.188334823,0.802066326,0.124451436,0.30116275,0.117823958,0.029151984,0.682714581
0.009157158,3.00E-14,0.02269586,0.99999696,0.808817089,0.09559036,3.00E-14
0.00355444,3.00E-14,0.007191979,0.994987249,0.808817089,0.09559036,3.00E-14
0.102143519,3.00E-14,0.061486557,0.99999994,0.808817089,0.09559036,3.00E-14
4.65E-06,3.00E-14,0.002134841,0.370977104,0.808817089,0.09559036,3.00E-14
0.783961058,0.24883619,0.515240729,0.346913815,0.126874387,0.086199075,0.09510728
0.00829656,0.885107875,0.001046671,0.464152515,0.16807057,0.003718363,0.754992425
0.2990385,0.970713615,0.075095616,0.004252046,0.040075988,0.010613802,0.3919034
0.076555401,0.993736565,0.152252913,0.083470508,0.054918069,1.16E-06,0.59228307
0.191915601,0.991649985,0.086234815,0.016928209,0.027196044,0.016894022,0.665215909
5.39E-06,3.00E-14,0.026972029,0.956953049,0.808817089,0.09559036,3.00E-14
0.203490853,0.044822268,0.956423879,0.615279675,0.374429554,0.113852941,0.513906598
0.1154605,0.964897394,0.148943603,0.134879813,0.073815994,2.19E-06,0.635223806
0.094086461,0.849167764,0.319384515,0.126466379,0.48496294,8.84E-06,0.162481025
1.35E-06,3.00E-14,0.00147398,0.992156446,0.808817089,0.09559036,3.00E-14
5.05E-06,0.962223768,0.00168597,0.625590682,0.056299724,0.002765075,0.977886021
9.49E-07,3.00E-14,0.003023271,0.608703732,0.808817089,0.09559036,3.00E-14
0.005739479,3.00E-14,0.002723748,0.992678106,0.808817089,0.09559036,3.00E-14
4.72E-06,3.00E-14,0.004895265,0.997178435,0.808817089,0.09559036,3.00E-14
0.920698464,0.118097663,0.762315571,0.643693089,0.002559194,0.072825849,0.034392118
8.75E-08,3.00E-14,0.003978696,1,0.808817089,0.09559036,3.00E-14
0.974877596,0.197901502,0.953654826,0.034118675,0.06384407,0.224676952,0.028394202
0.023277445,0.993740201,0.002653135,0.015356477,0.089520894,0.003028568,0.031463776
0.053801212,3.00E-14,0.000152595,0.989508152,0.808817089,0.09559036,3.00E-14
0.505284905,0.337804556,0.060527027,0.263806701,0.817673445,0.04691726,0.750004947
0.003706948,3.00E-14,0.001323505,1,0.808817089,0.037603822,0.999999881
0.008422411,0.996115804,0.001205107,0.029930381,0.045921147,3.78E-06,0.922494948
0.006856026,3.00E-14,0.005665738,0.999999881,0.808817089,0.09559036,3.00E-14
1.55E-07,3.00E-14,0.003120025,1,0.808817089,0.09559036,3.00E-14
0.02574441,0.862917662,0.000856381,0.04501811,0.194220752,4.70E-07,0.999320328
0.05407349,0.988106251,0.007061399,0.000407992,0.050405331,0.002636733,0.958409071
4.24E-06,3.00E-14,0.002851659,0.94958216,0.808817089,0.09559036,3.00E-14
0.042207591,0.804941595,0.040225886,0.988643467,0.072793454,0.004613338,0.801514447
0.143320218,0.788951457,0.18424122,0.87566638,0.092944115,1.27E-05,0.931747258
9.20E-07,3.00E-14,0.000691948,0.9222368,0.808817089,0.09559036,3.00E-14
0.016353736,3.00E-14,0.001456778,0.999994099,0.808817089,0.09559036,3.00E-14
5.97E-06,3.00E-14,0.016456082,0.999999523,0.808817089,0.09559036,3.00E-14
0.055020433,0.944366813,0.060670573,0.563972473,0.243647307,0.020903274,0.349191427
0.008257343,3.00E-14,0.051022459,1,0.808817089,0.09559036,3.00E-14
0.017162671,0.241392598,0.856135488,0.790018916,0.678365231,1.16E-05,0.995692194
0.007347032,3.00E-14,0.002665773,0.999994457,0.808817089,0.09559036,3.00E-14
0.31239897,0.976424277,0.04548629,0.210947767,0.028049622,1.79E-05,0.768789589
0.011665768,0.980105877,0.000969059,0.029720405,0.032287639,1.53E-05,0.995688915
0.093045011,0.992222726,0.063451611,0.013846424,0.053216785,7.62E-06,0.060551986
0.014466431,0.982219219,0.001682361,0.000414581,0.041669399,0.16923964,0.728958726
0.279932529,0.934440017,0.001938239,0.024754779,0.052770037,0.008874523,0.864998043
1.38E-05,3.00E-14,0.00033812,0.988745868,0.808817089,0.09559036,3.00E-14
0.062555522,0.346838206,0.44998154,0.145221546,0.026324067,0.055855442,0.694203019
0.849896133,0.985492647,0.639427423,0.943346858,0.007659405,1.83E-06,0.750912488
0.177387372,0.281485051,0.964357734,0.468644828,0.704022646,0.052363969,0.470677435
0.738552451,0.202582061,0.911769092,0.077324212,0.111738451,0.035482641,0.6070804
0.004896216,0.066215217,0.108664356,0.912979662,0.620487928,0.059218083,0.699838281
0.926620841,0.690505922,0.659038603,0.201095745,0.034705557,0.017461581,0.424639732
0.588568628,0.074362867,0.514135242,0.000995707,0.5,0.044278391,0.022201758
2.85E-06,3.00E-14,0.000362064,0.997298062,0.808817089,0.09559036,3.00E-14
0.002740309,3.00E-14,0.068571024,0.983970582,0.808817089,0.09559036,3.00E-14
0.146984413,0.616274118,0.993880033,0.081672989,0.095394216,0.037417732,0.838320553
0.188334823,0.802066326,0.124451436,0.30116275,0.117823958,0.029151984,0.682714581
2.90E-06,3.00E-14,0.001983196,0.983423889,0.808817089,0.09559036,3.00E-14
0.00610163,0.872745097,0.306871176,0.008728082,0.162865728,5.58E-06,0.781009614
1.38E-05,3.00E-14,0.000801373,0.990846097,0.808817089,0.09559036,3.00E-14
0.966883957,0.219377428,0.995312989,0.014925315,0.079838075,0.135268211,0.618903577
0.881248653,0.083332434,0.875145257,0.876720846,0.257996708,0.228056699,0.409274042
0.00355444,3.00E-14,0.007191979,0.994987249,0.808817089,0.09559036,3.00E-14
0.530995548,0.419850498,0.283539265,0.615515769,0.047903236,0.023182767,0.727768898
0.036558658,3.00E-14,0.001450491,0.992380261,0.808817089,0.09559036,3.00E-14
0.074921444,0.780958414,0.230364859,0.627793431,0.36779961,0.022782777,0.210856736
0.772641003,0.213161632,0.245888457,0.357492924,0.253877282,0.052160639,0.717347443
0.671148658,0.439288884,0.98656553,0.061427742,0.066405378,0.028128594,0.538452327
0.011650583,0.997291029,0.835994899,0.6470204,0.266039044,0.008262632,0.998414457
0.369012624,0.252137065,0.953154862,0.014671096,0.106974892,0.073325887,0.03134843
5.39E-06,3.00E-14,0.026972029,0.956953049,0.808817089,0.09559036,3.00E-14
1.58E-06,3.00E-14,0.007566289,0.999998331,0.808817089,0.09559036,3.00E-14
0.008001987,3.00E-14,0.005424844,0.999997258,0.808817089,0.09559036,3.00E-14
0.170722649,0.896367252,0.693780005,0.079223357,0.051080205,0.01107656,0.5
0.661988974,9.34E-06,0.058976121,0.111134797,0.579906166,0.323716372,0.549905837
0.940218687,0.084261052,0.303807229,0.193217069,0.987223327,0.656343699,0.107400969
7.66E-07,3.00E-14,0.017515119,0.9868806,0.808817089,0.09559036,3.00E-14
7.48E-07,3.00E-14,0.000623044,0.995879769,0.808817089,0.09559036,3.00E-14
0.931731343,0.237324879,0.729121625,0.019357277,0.12761879,0.046855226,0.225638688
0.005549933,3.00E-14,0.023249274,0.9654212,0.808817089,0.09559036,3.00E-14
0.026764838,3.00E-14,0.000283004,0.793228447,0.808817089,0.09559036,3.00E-14
9.20E-09,3.00E-14,0.003083789,0.999998808,0.808817089,0.09559036,3.00E-14
0.781645715,0.45643571,0.999999225,0.008627608,0.016281556,0.038220685,0.86560601
0.351002216,0.889564812,0.875848889,0.120234303,0.014924444,0.022311628,0.799716055
9.10E-07,3.00E-14,0.013767602,0.994123459,0.808817089,0.09559036,3.00E-14
0.114112064,3.00E-14,0.026437009,0.999998927,0.808817089,0.09559036,3.00E-14
0.874250174,0.077922165,0.919169068,0.999981046,0.123632438,0.415711194,0.143928021
0.102143519,3.00E-14,0.061486557,0.99999994,0.808817089,0.09559036,3.00E-14
0.483560175,0.933263183,0.062972538,0.858330607,0.064092048,0.046416644,0.269586354
0.950036645,0.164805636,0.992125571,0.893172264,0.054416604,0.176284805,0.520348668
0.505284905,0.337804556,0.060527027,0.263806701,0.817673445,0.04691726,0.750004947
0.417421997,0.086772762,0.79770124,0.003264737,0.629562318,0.134761855,0.094679393
0.94788295,0.945828617,0.13617903,0.082784109,0.080414116,0.015377581,0.107813254
1.43E-06,3.00E-14,0.01520739,0.99707067,0.808817089,0.09559036,3.00E-14
0.5,0.69217366,0.979468942,0.252982914,0.187358096,0.039083395,0.328434765
0.166757479,0.778506935,0.013009582,0.125887364,0.853424966,0.031745158,0.414077133
0.512909591,0.938707829,0.470680952,0.429240644,0.027752811,0.009872622,0.863573909
0.020970142,3.00E-14,0.040892217,0.990018129,0.808817089,0.09559036,3.00E-14
0.011088837,3.00E-14,0.037326992,0.971047223,0.808817089,0.09559036,3.00E-14
1.51E-06,3.00E-14,0.001091176,0.99999994,0.808817089,0.09559036,3.00E-14
0.856978953,0.758986413,0.340350688,0.059274901,0.01426299,0.011870671,0.031536397
0.003706948,3.00E-14,0.001323505,1,0.808817089,0.037603822,0.999999881
0.281455874,0.161149591,0.582066119,0.921085536,0.5,0.261581659,0.603825092
0.021955993,3.00E-14,0.087359272,0.672320545,0.808817089,0.09559036,3.00E-14
5.54E-07,3.00E-14,0.003317771,1,0.808817089,0.09559036,3.00E-14
1.55E-07,3.00E-14,0.003120025,1,0.808817089,0.09559036,3.00E-14
0.053801212,3.00E-14,0.000152595,0.989508152,0.808817089,0.09559036,3.00E-14
4.24E-06,3.00E-14,0.002851659,0.94958216,0.808817089,0.09559036,3.00E-14
0.008001987,3.00E-14,0.005424844,0.999997258,0.808817089,0.09559036,3.00E-14
0.515592277,0.046136115,0.139750853,0.695877731,0.055548199,0.151754215,0.300945997
0.018620202,3.00E-14,0.000330467,0.999999285,0.808817089,0.09559036,3.00E-14
7.66E-07,3.00E-14,0.017515119,0.9868806,0.808817089,0.09559036,3.00E-14
0.083557554,0.80521214,0.534817278,0.013319737,0.034289621,0.003332673,0.795887768
0.102143519,3.00E-14,0.061486557,0.99999994,0.808817089,0.09559036,3.00E-14
1.38E-05,3.00E-14,0.00033812,0.988745868,0.808817089,0.09559036,3.00E-14
0.211934924,0.90052563,0.070760526,0.177858293,0.051532883,0.016555918,0.035220914
0.874250174,0.077922165,0.919169068,0.999981046,0.123632438,0.415711194,0.143928021
0.483560175,0.933263183,0.062972538,0.858330607,0.064092048,0.046416644,0.269586354
0.906625569,0.4733513,0.016168591,0.013406227,0.129968941,0.0478618,0.813143015
0.773172081,0.250945389,0.841518104,0.999985337,0.648544729,0.181571662,0.038340174
0.931731343,0.237324879,0.729121625,0.019357277,0.12761879,0.046855226,0.225638688
1.35E-06,3.00E-14,0.00147398,0.992156446,0.808817089,0.09559036,3.00E-14
0.811246812,0.570384741,0.116044104,0.025366619,0.16763261,0.055883616,0.033383984
0.00462658,0.426462293,0.773429334,0.003996787,0.782771409,0.095321506,0.52671802
0.00355444,3.00E-14,0.007191979,0.994987249,0.808817089,0.09559036,3.00E-14
0.030418539,0.904983461,0.087122045,0.112930998,0.090236075,0.006769555,0.033244465
0.425435573,0.963627338,0.096791998,0.049425319,0.404608458,1.35E-05,0.941218257
0.008834029,0.974404514,0.002819843,0.023165124,0.022630543,0.00295057,0.30460608
0.116083294,0.998188853,0.304315984,0.093594804,0.003760037,0.002968079,0.81715554
9.20E-07,3.00E-14,0.010366634,1,0.808817089,0.09559036,3.00E-14
0.011493865,3.00E-14,0.002818754,1,0.808817089,0.09559036,3.00E-14
0.011983809,0.93339932,0.011140485,0.299534261,0.432254791,8.91E-06,0.310229689
0.006001518,3.00E-14,0.010893793,0.97541225,0.808817089,0.09559036,3.00E-14
0.002595407,0.998435795,0.001507209,0.075972073,0.080353998,1.66E-07,0.477699757
0.142355889,1.92E-05,0.01702261,0.000120826,0.807732105,1.33E-08,0.999900937
1.67E-06,0.941720366,0.000136115,0.017493559,0.608285606,5.37E-06,0.228160754
2.85E-08,3.00E-14,0.001658527,0.99999851,0.808817089,0.09559036,3.00E-14
5.97E-06,0.995246172,0.009226404,0.0010047,0.007115082,1.25E-05,0.050776321
0.079626732,0.985254586,0.023745051,0.018152876,0.038495794,0.005967364,0.204295471
0.006311503,0.423518091,0.003901879,0.002957728,0.776439786,1.59E-08,0.999989867
6.47E-06,0.99750638,0.000131238,0.102316663,0.01241349,1.91E-05,0.08195205
0.027364923,0.968151569,0.00084226,0.5,0.04055715,0.009262593,0.029585028
0.11553026,3.00E-14,0.429147542,0.004031589,0.808793366,2.59E-07,0.990391314
0.005544707,0.99186939,0.003430207,0.516376674,0.043606419,8.88E-06,1.46E-06
0.192636192,0.984072149,0.096431054,0.054427531,0.010734294,0.016441807,0.019536451
0.006000107,0.868452966,0.198464677,0.185413048,0.068325661,0.009315482,0.891524792
0.254756182,0.99966079,0.286084861,0.001693687,0.006320843,0.006273814,0.120311134
0.025385486,0.988446355,0.007782408,0.005525602,0.046879325,4.36E-06,0.163194329
0.008834029,0.974404514,0.002819843,0.023165124,0.022630543,0.00295057,0.30460608
0.117973,0.167607769,0.946212471,0.551785588,0.302927315,0.13666676,0.108598195
0.003842527,3.00E-14,0.006979481,0.999998331,0.808817089,0.09559036,3.00E-14
7.04E-07,3.00E-14,0.001961496,0.988377392,0.808817089,0.09559036,3.00E-14
8.95E-07,3.00E-14,4.32E-05,0.971897542,0.808817089,0.09559036,3.00E-14
0.116083294,0.998188853,0.304315984,0.093594804,0.003760037,0.002968079,0.81715554
0.06017375,0.922829986,0.01051787,0.000889826,0.380739987,0.031832892,0.067278169
0.640229404,0.973202705,0.006807237,0.005054185,0.063803576,3.21E-06,0.096787535
0.113267057,0.013409187,0.010765119,0.201955661,0.800242782,5.69E-07,0.374043673
4.13E-08,3.00E-14,0.007556997,0.971239984,0.808817089,0.09559036,3.00E-14
3.11E-07,3.00E-14,0.002144358,0.999996543,0.808817089,0.09559036,3.00E-14
0.006988718,3.00E-14,0.030117545,0.961913228,0.808817089,0.09559036,3.00E-14
0.8832407,0.709693551,0.999999523,0.541483164,0.04398901,0.029331889,0.02046367
8.36E-06,0.931502521,0.077420779,0.025645467,0.04157427,0.002718915,0.470956296
0.027861897,3.00E-14,0.01510435,1,0.808817089,0.09559036,3.00E-14
0.830508649,0.944221973,0.134624079,0.114026807,0.006240376,0.032642558,0.318814874
0.057447143,3.00E-14,0.018781567,1,0.808817089,0.09559036,3.00E-14
0.318911105,0.949793458,0.002567721,0.003671005,0.032798432,0.012629764,1.30E-05
9.49E-07,3.00E-14,0.003023271,0.608703732,0.808817089,0.09559036,3.00E-14
4.72E-06,3.00E-14,0.004895265,0.997178435,0.808817089,0.09559036,3.00E-14
0.920698464,0.118097663,0.762315571,0.643693089,0.002559194,0.072825849,0.034392118
0.00394997,3.00E-14,0.005672598,0.997297764,0.808817089,0.09559036,3.00E-14
5.54E-07,3.00E-14,0.003317771,1,0.808817089,0.09559036,3.00E-14
8.75E-08,3.00E-14,0.003978696,1,0.808817089,0.09559036,3.00E-14
0.023277445,0.993740201,0.002653135,0.015356477,0.089520894,0.003028568,0.031463776
0.053801212,3.00E-14,0.000152595,0.989508152,0.808817089,0.09559036,3.00E-14
0.003706948,3.00E-14,0.001323505,1,0.808817089,0.037603822,0.999999881
0.021955993,3.00E-14,0.087359272,0.672320545,0.808817089,0.09559036,3.00E-14
3.40E-06,3.00E-14,0.000172201,0.961733222,0.808817089,5.08E-07,4.13E-06
0.008422411,0.996115804,0.001205107,0.029930381,0.045921147,3.78E-06,0.922494948
0.02574441,0.862917662,0.000856381,0.04501811,0.194220752,4.70E-07,0.999320328
1.55E-07,3.00E-14,0.003120025,1,0.808817089,0.09559036,3.00E-14
4.24E-06,3.00E-14,0.002851659,0.94958216,0.808817089,0.09559036,3.00E-14
0.143320218,0.788951457,0.18424122,0.87566638,0.092944115,1.27E-05,0.931747258
9.20E-07,3.00E-14,0.000691948,0.9222368,0.808817089,0.09559036,3.00E-14
0.056171566,0.997858346,0.056949779,0.069643289,0.017850876,3.23E-06,0.612271011
0.007347032,3.00E-14,0.002665773,0.999994457,0.808817089,0.09559036,3.00E-14
0.042207591,0.804941595,0.040225886,0.988643467,0.072793454,0.004613338,0.801514447
0.002554621,3.00E-14,0.009841046,0.965651631,0.808817089,0.09559036,3.00E-14
5.97E-06,3.00E-14,0.016456082,0.999999523,0.808817089,0.09559036,3.00E-14
0.184570208,0.999999881,0.012521597,0.1483863,0.808817089,0.09559036,0.999999881
0.31239897,0.976424277,0.04548629,0.210947767,0.028049622,1.79E-05,0.768789589
0.003692632,3.00E-14,0.01735821,0.993685186,0.808817089,0.09559036,3.00E-14
0.093045011,0.992222726,0.063451611,0.013846424,0.053216785,7.62E-06,0.060551986
0.011665768,0.980105877,0.000969059,0.029720405,0.032287639,1.53E-05,0.995688915
1.38E-05,3.00E-14,0.00033812,0.988745868,0.808817089,0.09559036,3.00E-14
0.738552451,0.202582061,0.911769092,0.077324212,0.111738451,0.035482641,0.6070804
1.38E-05,3.00E-14,0.000801373,0.990846097,0.808817089,0.09559036,3.00E-14
0.00355444,3.00E-14,0.007191979,0.994987249,0.808817089,0.09559036,3.00E-14
0.158869967,0.96538204,0.566221774,0.281659096,0.019496743,9.07E-06,0.419105142
0.002740309,3.00E-14,0.068571024,0.983970582,0.808817089,0.09559036,3.00E-14
0.009157158,3.00E-14,0.02269586,0.99999696,0.808817089,0.09559036,3.00E-14
0.062555522,0.346838206,0.44998154,0.145221546,0.026324067,0.055855442,0.694203019
0.036558658,3.00E-14,0.001450491,0.992380261,0.808817089,0.09559036,3.00E-14
0.006856026,3.00E-14,0.005665738,0.999999881,0.808817089,0.09559036,3.00E-14
1.55E-07,3.00E-14,0.003120025,1,0.808817089,0.09559036,3.00E-14
2.85E-06,3.00E-14,0.000362064,0.997298062,0.808817089,0.09559036,3.00E-14
0.990850806,0.529624522,0.661588609,0.059950929,0.120435782,0.06664589,0.037791185
0.008750973,3.00E-14,0.007294588,0.999994695,0.808817089,0.09559036,3.00E-14
6.80E-07,3.00E-14,0.001205334,0.942529678,0.808817089,0.09559036,3.00E-14
0.053801212,3.00E-14,0.000152595,0.989508152,0.808817089,0.09559036,3.00E-14
0.188334823,0.802066326,0.124451436,0.30116275,0.117823958,0.029151984,0.682714581
0.004288487,3.00E-14,0.00089018,0.999997854,0.808817089,0.09559036,3.00E-14
0.94111377,0.807553709,0.134774759,0.751758635,0.056484066,0.010507828,0.894329011
0.425435573,0.963627338,0.096791998,0.049425319,0.404608458,1.35E-05,0.941218257
0.969379365,0.888179481,0.569713652,0.046278015,0.013724852,0.004621608,0.594732881
0.177387372,0.281485051,0.964357734,0.468644828,0.704022646,0.052363969,0.470677435
1.38E-05,3.00E-14,0.00033812,0.988745868,0.808817089,0.09559036,3.00E-14
0.990952075,0.17943494,0.978558779,0.787265599,0.272647887,0.013061933,0.946648836
7.48E-07,3.00E-14,0.000623044,0.995879769,0.808817089,0.09559036,3.00E-14
2.90E-06,3.00E-14,0.001983196,0.983423889,0.808817089,0.09559036,3.00E-14
0.004896216,0.066215217,0.108664356,0.912979662,0.620487928,0.059218083,0.699838281
7.66E-07,3.00E-14,0.017515119,0.9868806,0.808817089,0.09559036,3.00E-14
5.39E-06,3.00E-14,0.026972029,0.956953049,0.808817089,0.09559036,3.00E-14
0.114112064,3.00E-14,0.026437009,0.999998927,0.808817089,0.09559036,3.00E-14
1.55E-07,3.00E-14,0.003120025,1,0.808817089,0.09559036,3.00E-14
4.24E-06,3.00E-14,0.002851659,0.94958216,0.808817089,0.09559036,3.00E-14
7.48E-07,3.00E-14,0.000623044,0.995879769,0.808817089,0.09559036,3.00E-14
0.425435573,0.963627338,0.096791998,0.049425319,0.404608458,1.35E-05,0.941218257
0.102143519,3.00E-14,0.061486557,0.99999994,0.808817089,0.09559036,3.00E-14
0.661988974,9.34E-06,0.058976121,0.111134797,0.579906166,0.323716372,0.549905837
0.505284905,0.337804556,0.060527027,0.263806701,0.817673445,0.04691726,0.750004947
0.950036645,0.164805636,0.992125571,0.893172264,0.054416604,0.176284805,0.520348668
0.020970142,3.00E-14,0.040892217,0.990018129,0.808817089,0.09559036,3.00E-14
9.20E-09,3.00E-14,0.003083789,0.999998808,0.808817089,0.09559036,3.00E-14
0.906625569,0.4733513,0.016168591,0.013406227,0.129968941,0.0478618,0.813143015
0.170722649,0.896367252,0.693780005,0.079223357,0.051080205,0.01107656,0.5
0.940218687,0.084261052,0.303807229,0.193217069,0.987223327,0.656343699,0.107400969
0.053801212,3.00E-14,0.000152595,0.989508152,0.808817089,0.09559036,3.00E-14
0.026764838,3.00E-14,0.000283004,0.793228447,0.808817089,0.09559036,3.00E-14
3.40E-06,3.00E-14,0.000172201,0.961733222,0.808817089,5.08E-07,4.13E-06
0.945390046,0.5,0.739577472,0.006216789,0.018598147,0.045641877,0.264273524
0.900403619,0.205078647,0.068109304,0.043349475,0.942159891,0.596563697,0.833527923
1.58E-06,3.00E-14,0.007566289,0.999998331,0.808817089,0.09559036,3.00E-14
0.018162806,3.00E-14,0.006746765,0.999980986,0.808817089,0.09559036,3.00E-14
0.512909591,0.938707829,0.470680952,0.429240644,0.027752811,0.009872622,0.863573909
0.009157158,3.00E-14,0.02269586,0.99999696,0.808817089,0.09559036,3.00E-14
5.28E-07,3.00E-14,0.003357359,0.999999881,0.808817089,0.09559036,3.00E-14
1.38E-05,3.00E-14,0.00033812,0.988745868,0.808817089,0.09559036,3.00E-14
2.85E-06,3.00E-14,0.000362064,0.997298062,0.808817089,0.09559036,3.00E-14
0.990850806,0.529624522,0.661588609,0.059950929,0.120435782,0.06664589,0.037791185
0.961290956,0.349817306,0.767418504,0.081759535,0.005835993,0.034230821,0.444908261
0.00355444,3.00E-14,0.007191979,0.994987249,0.808817089,0.09559036,3.00E-14
0.738552451,0.202582061,0.911769092,0.077324212,0.111738451,0.035482641,0.6070804
0.913922548,0.972161472,0.258679152,0.048707999,0.004933628,0.004226753,0.5
0.009157158,3.00E-14,0.02269586,0.99999696,0.808817089,0.09559036,3.00E-14
0.102143519,3.00E-14,0.061486557,0.99999994,0.808817089,0.09559036,3.00E-14
0.60074228,0.045189302,0.981033623,0.396960109,0.168578312,0.050851129,0.324671298
0.831605852,0.433820307,0.41409117,0.213117093,0.020800503,0.018507386,0.421844333
0.211934924,0.90052563,0.070760526,0.177858293,0.051532883,0.016555918,0.035220914
0.849896133,0.985492647,0.639427423,0.943346858,0.007659405,1.83E-06,0.750912488
0.006097846,3.00E-14,0.017885219,0.851369083,0.808817089,0.09559036,3.00E-14
0.177387372,0.281485051,0.964357734,0.468644828,0.704022646,0.052363969,0.470677435
0.990952075,0.17943494,0.978558779,0.787265599,0.272647887,0.013061933,0.946648836
0.530995548,0.419850498,0.283539265,0.615515769,0.047903236,0.023182767,0.727768898
5.47E-08,3.00E-14,0.01056111,0.789941967,0.808817089,0.09559036,3.00E-14
0.004896216,0.066215217,0.108664356,0.912979662,0.620487928,0.059218083,0.699838281
0.146984413,0.616274118,0.993880033,0.081672989,0.095394216,0.037417732,0.838320553
0.020970142,3.00E-14,0.040892217,0.990018129,0.808817089,0.09559036,3.00E-14
0.881248653,0.083332434,0.875145257,0.876720846,0.257996708,0.228056699,0.409274042
0.969379365,0.888179481,0.569713652,0.046278015,0.013724852,0.004621608,0.594732881
0.761510074,0.567501426,0.977523923,0.062320288,0.02304999,0.003507029,0.477772981
0.062505454,0.840977013,0.290122151,0.602157712,0.033782322,0.048711088,0.352496952
0.3009049,0.821934164,0.934152961,0.165482655,0.102552116,0.029439596,0.311219037
0.412958473,0.956323028,0.872944653,0.5,0.014518646,0.01402289,0.227455407
2.09E-07,3.00E-14,0.016845591,0.99999994,0.808817089,0.09559036,3.00E-14
0.01034023,0.689535022,0.052392878,0.02939114,0.129082963,0.007885324,0.16697672
0.036045704,0.328962862,0.583553433,0.0614805,0.204717383,4.62E-06,0.127603889
0.480788559,0.584320724,0.022026777,0.067224734,0.018706234,0.08263921,0.319003165
0.00610163,0.872745097,0.306871176,0.008728082,0.162865728,5.58E-06,0.781009614
4.47E-06,3.00E-14,0.007831359,0.979662538,0.808817089,0.09559036,3.00E-14
0.91707027,0.929717183,0.134134203,0.267971724,0.045444783,0.012984134,0.188461259
0.324281126,0.337090909,0.179155439,0.418983847,0.083581798,0.006964985,0.714204788
0.984817207,0.797972083,0.101441197,0.017837076,0.079892136,0.139712676,0.011900225
0.011256651,0.994013309,0.038080145,0.002658585,0.083303124,7.99E-06,7.57E-07
0.691654861,0.623429894,0.2835733,0.247175857,0.217358217,0.057995666,0.084568948
0.707077801,0.984055161,0.099455714,0.269711822,0.013251939,0.003871432,0.65901643
0.187920436,0.959506571,0.391646832,0.724284887,0.051598296,0.007652833,0.853664935
0.256483883,0.990205944,0.210452512,0.005493178,0.010328798,1.29E-05,0.056460634
0.991283178,0.37896201,0.807119012,0.88059473,0.057247818,0.032123432,0.823387027
0.080041252,0.94036901,0.060574938,0.002619659,0.018795785,0.002553999,0.790010989
0.338653535,0.781940043,0.986271679,0.181460261,0.008316734,0.012668475,0.056912012
0.034665119,3.00E-14,0.027145393,0.000964306,0.808818281,9.02E-06,0.917853534
0.472864211,0.97285223,0.645626366,0.182395518,0.183399335,0.01480738,0.144465908
3.73E-06,3.00E-14,0.002172336,0.977932632,0.808817089,0.09559036,3.00E-14
0.057447143,3.00E-14,0.018781567,1,0.808817089,0.09559036,3.00E-14
9.49E-07,3.00E-14,0.003023271,0.608703732,0.808817089,0.09559036,3.00E-14
0.613925338,0.976434171,0.001181004,0.120497771,0.049859505,0.00301188,0.741529286
4.72E-06,3.00E-14,0.004895265,0.997178435,0.808817089,0.09559036,3.00E-14
7.42E-06,3.00E-14,0.047793251,0.99999994,0.808817089,0.09559036,3.00E-14
0.920698464,0.118097663,0.762315571,0.643693089,0.002559194,0.072825849,0.034392118
5.54E-07,3.00E-14,0.003317771,1,0.808817089,0.09559036,3.00E-14
8.75E-08,3.00E-14,0.003978696,1,0.808817089,0.09559036,3.00E-14
0.023277445,0.993740201,0.002653135,0.015356477,0.089520894,0.003028568,0.031463776
0.02574441,0.862917662,0.000856381,0.04501811,0.194220752,4.70E-07,0.999320328
0.008422411,0.996115804,0.001205107,0.029930381,0.045921147,3.78E-06,0.922494948
0.003706948,3.00E-14,0.001323505,1,0.808817089,0.037603822,0.999999881
0.505284905,0.337804556,0.060527027,0.263806701,0.817673445,0.04691726,0.750004947
0.053801212,3.00E-14,0.000152595,0.989508152,0.808817089,0.09559036,3.00E-14
1.55E-07,3.00E-14,0.003120025,1,0.808817089,0.09559036,3.00E-14
0.021955993,3.00E-14,0.087359272,0.672320545,0.808817089,0.09559036,3.00E-14
0.05407349,0.988106251,0.007061399,0.000407992,0.050405331,0.002636733,0.958409071
9.20E-07,3.00E-14,0.000691948,0.9222368,0.808817089,0.09559036,3.00E-14
4.24E-06,3.00E-14,0.002851659,0.94958216,0.808817089,0.09559036,3.00E-14
0.042207591,0.804941595,0.040225886,0.988643467,0.072793454,0.004613338,0.801514447
5.97E-06,3.00E-14,0.016456082,0.999999523,0.808817089,0.09559036,3.00E-14
0.055020433,0.944366813,0.060670573,0.563972473,0.243647307,0.020903274,0.349191427
0.008257343,3.00E-14,0.051022459,1,0.808817089,0.09559036,3.00E-14
0.143320218,0.788951457,0.18424122,0.87566638,0.092944115,1.27E-05,0.931747258
0.007347032,3.00E-14,0.002665773,0.999994457,0.808817089,0.09559036,3.00E-14
0.011665768,0.980105877,0.000969059,0.029720405,0.032287639,1.53E-05,0.995688915
0.103199959,0.998768091,0.031298272,0.003680513,0.012133356,2.68E-06,0.039291374
0.279932529,0.934440017,0.001938239,0.024754779,0.052770037,0.008874523,0.864998043
0.31239897,0.976424277,0.04548629,0.210947767,0.028049622,1.79E-05,0.768789589
0.014466431,0.982219219,0.001682361,0.000414581,0.041669399,0.16923964,0.728958726
0.527787566,0.999767482,0.018959172,0.140691176,0.012105657,2.00E-06,0.002635736
0.01876311,0.977787971,0.591020763,0.020718919,0.020421619,0.007774341,0.078904614
0.054369781,0.717250645,0.338943452,0.0205133,0.044404998,0.041523471,0.781395972
1.38E-05,3.00E-14,0.00033812,0.988745868,0.808817089,0.09559036,3.00E-14
0.339179665,0.88130933,0.085291006,0.095759958,0.091033228,0.017540278,0.73222661
4.24E-06,3.00E-14,0.002851659,0.94958216,0.808817089,0.09559036,3.00E-14
0.053801212,3.00E-14,0.000152595,0.989508152,0.808817089,0.09559036,3.00E-14
0.009157158,3.00E-14,0.02269586,0.99999696,0.808817089,0.09559036,3.00E-14
0.006856026,3.00E-14,0.005665738,0.999999881,0.808817089,0.09559036,3.00E-14
6.46E-06,3.00E-14,0.006730021,0.873947263,0.808817089,0.09559036,3.00E-14
0.647102535,0.999567807,0.068030126,0.08011388,0.063460335,3.15E-06,1.13E-09
0.258500636,0.995647311,0.945410728,0.0036431,0.02352795,1.81E-05,0.740429223
0.518276274,4.11E-06,0.0092684,0.532225311,0.736521542,0.003228107,0.465207815
0.483311653,0.623223662,0.536500871,0.379086673,0.088150606,0.022512395,0.543889463
0.1154605,0.964897394,0.148943603,0.134879813,0.073815994,2.19E-06,0.635223806
0.116083294,0.998188853,0.304315984,0.093594804,0.003760037,0.002968079,0.81715554
0.850394011,0.987493873,0.110329822,0.031746693,0.055899329,0.006966945,0.23589316
0.017544873,0.997936487,0.05792249,0.216650516,0.017449325,2.97E-06,2.11E-06
0.020186627,0.9799788,0.427935302,0.458369493,0.126261488,1.10E-06,0.630490422
0.081711262,0.996189952,0.029933196,0.007110295,0.015314369,7.12E-06,0.052146744
0.781647682,0.85181278,0.113393918,0.360843211,0.037450321,0.013455057,0.274838716
0.899288595,0.834991574,0.407743901,0.070694886,0.157711804,0.002977747,0.736210704
0.007748788,3.00E-14,0.000250332,1,0.808817089,0.09559036,3.00E-14
0.707077801,0.984055161,0.099455714,0.269711822,0.013251939,0.003871432,0.65901643
0.890074193,0.935322821,0.319345087,0.180242613,0.007904802,0.008707274,0.472174913
0.962006271,0.366796583,0.576650083,0.031557474,0.0218361,0.097184204,0.865749478
0.116083294,0.998188853,0.304315984,0.093594804,0.003760037,0.002968079,0.81715554
0.008024016,0.997642279,0.076244943,0.0397989,0.192925096,1.12E-05,0.176817074
1.72E-05,0.938944757,0.055835281,0.039646868,0.516415119,0.00372507,0.894526422
0.124290235,0.892377079,0.199273854,0.117447138,0.060210872,0.002800691,0.435910612
0.124116443,0.848973393,0.011100981,0.360293895,0.163312882,0.015445105,0.011424942
0.219459951,0.996389329,0.707730711,0.886392355,0.062602833,6.44E-06,0.324410945
0.035438139,0.958938181,0.126148522,0.436861455,0.269205004,0.006192878,0.796004891
0.068341732,0.929972351,0.733072579,0.043465067,0.019616365,0.009323604,0.157235265
0.896753609,0.945233524,0.296439826,0.00250959,0.146374285,0.025466578,0.399040192
0.050115053,0.284185231,0.931069613,0.328815222,0.447325617,0.018344859,0.814882159
0.210650325,0.956258595,0.082620375,0.621411204,0.052913882,0.048193339,0.254537672
0.815662563,0.84314847,0.693303406,0.410342932,0.037680611,0.024028745,0.578984082
0.877228916,0.998925745,0.32846114,0.164192572,0.031200169,0.008942673,0.02050853
0.058884587,0.972849548,0.119768888,0.104443014,0.264280438,0.005304045,0.531661332
0.0042876,3.00E-14,0.009700212,0.999983728,0.808817089,0.09559036,3.00E-14
4.32E-07,3.00E-14,0.009900189,0.917589426,0.808817089,0.09559036,3.00E-14
0.63552165,0.574473143,0.159126014,0.104183502,0.081885979,0.010113315,0.27365616
0.328757912,0.977370799,0.611880362,0.042765696,0.007067363,0.010237765,0.381159574
0.962899387,0.951412976,0.720999777,0.018626433,0.037297059,0.070201889,0.617892921
0.038523812,0.988005102,0.0625889,1.77E-05,0.267411351,0.003428649,0.079511948
0.890074193,0.935322821,0.319345087,0.180242613,0.007904802,0.008707274,0.472174913